County Code,County Name,Const Code,Const.  Name,CAW Code,CAW Name,Reg. Centre Code,Reg. Centre Name,Polling Station Code,Polling Station Name Name
046,NYAMIRA,270,KITUTU MASABA,1346,RIGOMA,001,RIKENYE D.E.B PRIMARY SCHOOL.,046270134600101,RIKENYE D.E.B PRIMARY SCHOOL.
046,NYAMIRA,270,KITUTU MASABA,1346,RIGOMA,002,EMBARO D.O.K PRIMARY SCHOOL,046270134600201,EMBARO D.O.K PRIMARY SCHOOL
046,NYAMIRA,270,KITUTU MASABA,1346,RIGOMA,002,EMBARO D.O.K PRIMARY SCHOOL,046270134600202,EMBARO D.O.K PRIMARY SCHOOL
046,NYAMIRA,270,KITUTU MASABA,1346,RIGOMA,003,KEROKA FARMERS CO-OP SOCIETY,046270134600301,KEROKA FARMERS CO-OP SOCIETY
046,NYAMIRA,270,KITUTU MASABA,1346,RIGOMA,003,KEROKA FARMERS CO-OP SOCIETY,046270134600302,KEROKA FARMERS CO-OP SOCIETY
046,NYAMIRA,270,KITUTU MASABA,1346,RIGOMA,003,KEROKA FARMERS CO-OP SOCIETY,046270134600303,KEROKA FARMERS CO-OP SOCIETY
046,NYAMIRA,270,KITUTU MASABA,1346,RIGOMA,003,KEROKA FARMERS CO-OP SOCIETY,046270134600304,KEROKA FARMERS CO-OP SOCIETY
046,NYAMIRA,270,KITUTU MASABA,1346,RIGOMA,003,KEROKA FARMERS CO-OP SOCIETY,046270134600305,KEROKA FARMERS CO-OP SOCIETY
046,NYAMIRA,270,KITUTU MASABA,1346,RIGOMA,004,NYASORE S.D.A PRIMARY SCHOOL.,046270134600401,NYASORE S.D.A PRIMARY SCHOOL.
046,NYAMIRA,270,KITUTU MASABA,1346,RIGOMA,005,BOCHARIA P.A.G PRIMARY SCHOOL.,046270134600501,BOCHARIA P.A.G PRIMARY SCHOOL.
046,NYAMIRA,270,KITUTU MASABA,1346,RIGOMA,005,BOCHARIA P.A.G PRIMARY SCHOOL.,046270134600502,BOCHARIA P.A.G PRIMARY SCHOOL.
046,NYAMIRA,270,KITUTU MASABA,1346,RIGOMA,006,KIERIRA DOK PRIMARY SCHOOL.,046270134600601,KIERIRA DOK PRIMARY SCHOOL.
046,NYAMIRA,270,KITUTU MASABA,1346,RIGOMA,006,KIERIRA DOK PRIMARY SCHOOL.,046270134600602,KIERIRA DOK PRIMARY SCHOOL.
046,NYAMIRA,270,KITUTU MASABA,1346,RIGOMA,007,NYANCHONORI DOK PRIMARY SCHOOL.,046270134600701,NYANCHONORI DOK PRIMARY SCHOO
046,NYAMIRA,270,KITUTU MASABA,1346,RIGOMA,007,NYANCHONORI DOK PRIMARY SCHOOL.,046270134600702,NYANCHONORI DOK PRIMARY SCHOO
046,NYAMIRA,270,KITUTU MASABA,1346,RIGOMA,007,NYANCHONORI DOK PRIMARY SCHOOL.,046270134600703,NYANCHONORI DOK PRIMARY SCHOO
046,NYAMIRA,270,KITUTU MASABA,1346,RIGOMA,008,MONG'ONI D.E.B PRIMARY SCHOOL.,046270134600801,MONG'ONI D.E.B PRIMARY SCHOOL.
046,NYAMIRA,270,KITUTU MASABA,1346,RIGOMA,008,MONG'ONI D.E.B PRIMARY SCHOOL.,046270134600802,MONG'ONI D.E.B PRIMARY SCHOOL.
046,NYAMIRA,270,KITUTU MASABA,1346,RIGOMA,009,NYANKOBA SDA PRIMARY SCHOOL,046270134600901,NYANKOBA SDA PRIMARY SCHOOL
046,NYAMIRA,270,KITUTU MASABA,1346,RIGOMA,010,BITICHA D.O.K PRIMARY SCHOOL.,046270134601001,BITICHA D.O.K PRIMARY SCHOOL.
046,NYAMIRA,270,KITUTU MASABA,1346,RIGOMA,010,BITICHA D.O.K PRIMARY SCHOOL.,046270134601002,BITICHA D.O.K PRIMARY SCHOOL.
046,NYAMIRA,270,KITUTU MASABA,1346,RIGOMA,011,KENYERERE DOK PRIMARY SCHOOL,046270134601101,KENYERERE DOK PRIMARY SCHOOL
046,NYAMIRA,270,KITUTU MASABA,1346,RIGOMA,011,KENYERERE DOK PRIMARY SCHOOL,046270134601102,KENYERERE DOK PRIMARY SCHOOL
046,NYAMIRA,270,KITUTU MASABA,1346,RIGOMA,012,BORABU D.E.B PRIMARY SCHOOL.,046270134601201,BORABU D.E.B PRIMARY SCHOOL.
046,NYAMIRA,270,KITUTU MASABA,1346,RIGOMA,012,BORABU D.E.B PRIMARY SCHOOL.,046270134601202,BORABU D.E.B PRIMARY SCHOOL.
046,NYAMIRA,270,KITUTU MASABA,1346,RIGOMA,013,MOBAMBA TEA BUYING CENTRE,046270134601301,MOBAMBA TEA BUYING CENTRE
046,NYAMIRA,270,KITUTU MASABA,1346,RIGOMA,013,MOBAMBA TEA BUYING CENTRE,046270134601302,MOBAMBA TEA BUYING CENTRE
046,NYAMIRA,270,KITUTU MASABA,1346,RIGOMA,014,RIABORE D.O.K PRIMARY SCHOOL,046270134601401,RIABORE D.O.K PRIMARY SCHOOL
046,NYAMIRA,270,KITUTU MASABA,1346,RIGOMA,015,KEGOGI P.A.G PRIMARY SCHOOL.,046270134601501,KEGOGI P.A.G PRIMARY SCHOOL.
046,NYAMIRA,270,KITUTU MASABA,1346,RIGOMA,015,KEGOGI P.A.G PRIMARY SCHOOL.,046270134601502,KEGOGI P.A.G PRIMARY SCHOOL.
046,NYAMIRA,270,KITUTU MASABA,1346,RIGOMA,016,MATANGI D.O.K PRIMARY SCHOOL.,046270134601601,MATANGI D.O.K PRIMARY SCHOOL.
046,NYAMIRA,270,KITUTU MASABA,1346,RIGOMA,017,RIYABE D.E.B PRIMARY SCHOOL.,046270134601701,RIYABE D.E.B PRIMARY SCHOOL.
046,NYAMIRA,270,KITUTU MASABA,1346,RIGOMA,017,RIYABE D.E.B PRIMARY SCHOOL.,046270134601702,RIYABE D.E.B PRIMARY SCHOOL.
046,NYAMIRA,270,KITUTU MASABA,1346,RIGOMA,018,BOTANA D.O.K PRIMARY SCHOOL.,046270134601801,BOTANA D.O.K PRIMARY SCHOOL.
046,NYAMIRA,270,KITUTU MASABA,1346,RIGOMA,019,NYAIGESA D.O.K PRIMARY SCHOOL,046270134601901,NYAIGESA D.O.K PRIMARY SCHOOL
046,NYAMIRA,270,KITUTU MASABA,1346,RIGOMA,019,NYAIGESA D.O.K PRIMARY SCHOOL,046270134601902,NYAIGESA D.O.K PRIMARY SCHOOL
046,NYAMIRA,270,KITUTU MASABA,1346,RIGOMA,020,ERONGE D.O.K PRIIMARY SCHOOL,046270134602001,ERONGE D.O.K PRIIMARY SCHOOL
046,NYAMIRA,270,KITUTU MASABA,1346,RIGOMA,020,ERONGE D.O.K PRIIMARY SCHOOL,046270134602002,ERONGE D.O.K PRIIMARY SCHOOL
046,NYAMIRA,270,KITUTU MASABA,1346,RIGOMA,021,METAMAYWA PRIMARY SCHOOL,046270134602101,METAMAYWA PRIMARY SCHOOL
046,NYAMIRA,270,KITUTU MASABA,1346,RIGOMA,021,METAMAYWA PRIMARY SCHOOL,046270134602102,METAMAYWA PRIMARY SCHOOL
046,NYAMIRA,270,KITUTU MASABA,1346,RIGOMA,022,ITONGO  SENGERA D.E.B PRIMARY SCHOOL.,046270134602201,ITONGO  SENGERA D.E.B PRIMARY SCH
046,NYAMIRA,270,KITUTU MASABA,1347,GACHUBA,023,BONYUNYU D.O.K PRIMARY SCHOOL.,046270134702301,BONYUNYU D.O.K PRIMARY SCHOOL.
046,NYAMIRA,270,KITUTU MASABA,1347,GACHUBA,023,BONYUNYU D.O.K PRIMARY SCHOOL.,046270134702302,BONYUNYU D.O.K PRIMARY SCHOOL.
046,NYAMIRA,270,KITUTU MASABA,1347,GACHUBA,024,NYAGANCHA D.E.B PRIMARY SCHOOL.,046270134702401,NYAGANCHA D.E.B PRIMARY SCHOOL.
046,NYAMIRA,270,KITUTU MASABA,1347,GACHUBA,024,NYAGANCHA D.E.B PRIMARY SCHOOL.,046270134702402,NYAGANCHA D.E.B PRIMARY SCHOOL.
046,NYAMIRA,270,KITUTU MASABA,1347,GACHUBA,025,RIGOMA D.E.B PRIMARY SCHOOL.,046270134702501,RIGOMA D.E.B PRIMARY SCHOOL.
046,NYAMIRA,270,KITUTU MASABA,1347,GACHUBA,025,RIGOMA D.E.B PRIMARY SCHOOL.,046270134702502,RIGOMA D.E.B PRIMARY SCHOOL.
046,NYAMIRA,270,KITUTU MASABA,1347,GACHUBA,026,MIRIRI D.O.K PRIMARY SCHOOL.,046270134702601,MIRIRI D.O.K PRIMARY SCHOOL.
046,NYAMIRA,270,KITUTU MASABA,1347,GACHUBA,026,MIRIRI D.O.K PRIMARY SCHOOL.,046270134702602,MIRIRI D.O.K PRIMARY SCHOOL.
046,NYAMIRA,270,KITUTU MASABA,1347,GACHUBA,027,SENGERERI D.E.B PRIMARY SCHOOL.,046270134702701,SENGERERI D.E.B PRIMARY SCHOOL.
046,NYAMIRA,270,KITUTU MASABA,1347,GACHUBA,027,SENGERERI D.E.B PRIMARY SCHOOL.,046270134702702,SENGERERI D.E.B PRIMARY SCHOOL.
046,NYAMIRA,270,KITUTU MASABA,1347,GACHUBA,028,GUJA D.O.K PRIMARY SCHOOL.,046270134702801,GUJA D.O.K PRIMARY SCHOOL.
046,NYAMIRA,270,KITUTU MASABA,1347,GACHUBA,028,GUJA D.O.K PRIMARY SCHOOL.,046270134702802,GUJA D.O.K PRIMARY SCHOOL.
046,NYAMIRA,270,KITUTU MASABA,1347,GACHUBA,029,KEBIRICHI D.E.B PRIMARY SCHOOL.,046270134702901,KEBIRICHI D.E.B PRIMARY SCHOOL.
046,NYAMIRA,270,KITUTU MASABA,1347,GACHUBA,030,GIRANGO D.O.K PRIMARY SCHOOL.,046270134703001,GIRANGO D.O.K PRIMARY SCHOOL.
046,NYAMIRA,270,KITUTU MASABA,1347,GACHUBA,030,GIRANGO D.O.K PRIMARY SCHOOL.,046270134703002,GIRANGO D.O.K PRIMARY SCHOOL.
046,NYAMIRA,270,KITUTU MASABA,1347,GACHUBA,031,GETENI D.O.K PRIMARY SCHOOL.,046270134703101,GETENI D.O.K PRIMARY SCHOOL.
046,NYAMIRA,270,KITUTU MASABA,1347,GACHUBA,032,KIAMOGITI PRIMARY SCHOOL.,046270134703201,KIAMOGITI PRIMARY SCHOOL.
046,NYAMIRA,270,KITUTU MASABA,1347,GACHUBA,032,KIAMOGITI PRIMARY SCHOOL.,046270134703202,KIAMOGITI PRIMARY SCHOOL.
046,NYAMIRA,270,KITUTU MASABA,1347,GACHUBA,033,KIOMONSO PRIMARY SCHOOL.,046270134703301,KIOMONSO PRIMARY SCHOOL.
046,NYAMIRA,270,KITUTU MASABA,1347,GACHUBA,033,KIOMONSO PRIMARY SCHOOL.,046270134703302,KIOMONSO PRIMARY SCHOOL.
046,NYAMIRA,270,KITUTU MASABA,1347,GACHUBA,034,NYASUMI D.O.K PRIMARY SCHOOL.,046270134703401,NYASUMI D.O.K PRIMARY SCHOOL.
046,NYAMIRA,270,KITUTU MASABA,1347,GACHUBA,034,NYASUMI D.O.K PRIMARY SCHOOL.,046270134703402,NYASUMI D.O.K PRIMARY SCHOOL.
046,NYAMIRA,270,KITUTU MASABA,1347,GACHUBA,035,NYABIGEGE D.O.K PRIMARY SCHOOL.,046270134703501,NYABIGEGE D.O.K PRIMARY SCHOOL.
046,NYAMIRA,270,KITUTU MASABA,1347,GACHUBA,035,NYABIGEGE D.O.K PRIMARY SCHOOL.,046270134703502,NYABIGEGE D.O.K PRIMARY SCHOOL.
046,NYAMIRA,270,KITUTU MASABA,1347,GACHUBA,036,GIRANGO FARMERS' CO-OPERATIVE  SOCIET,046270134703601,GIRANGO FARMERS' CO-OPERATIVE  SO
046,NYAMIRA,270,KITUTU MASABA,1347,GACHUBA,036,GIRANGO FARMERS' CO-OPERATIVE  SOCIET,046270134703602,GIRANGO FARMERS' CO-OPERATIVE  SO
046,NYAMIRA,270,KITUTU MASABA,1347,GACHUBA,037,NYAIBASA D.O.K PRIMARY SCHOOL.,046270134703701,NYAIBASA D.O.K PRIMARY SCHOOL.
046,NYAMIRA,270,KITUTU MASABA,1347,GACHUBA,037,NYAIBASA D.O.K PRIMARY SCHOOL.,046270134703702,NYAIBASA D.O.K PRIMARY SCHOOL.
046,NYAMIRA,270,KITUTU MASABA,1347,GACHUBA,038,RIAMISI TEA BUYING CENTRE,046270134703801,RIAMISI TEA BUYING CENTRE
046,NYAMIRA,270,KITUTU MASABA,1347,GACHUBA,038,RIAMISI TEA BUYING CENTRE,046270134703802,RIAMISI TEA BUYING CENTRE
046,NYAMIRA,270,KITUTU MASABA,1347,GACHUBA,039,NYARIACHO D.E.B PRIMARY SCHOOL.,046270134703901,NYARIACHO D.E.B PRIMARY SCHOOL.
046,NYAMIRA,270,KITUTU MASABA,1347,GACHUBA,039,NYARIACHO D.E.B PRIMARY SCHOOL.,046270134703902,NYARIACHO D.E.B PRIMARY SCHOOL.
046,NYAMIRA,270,KITUTU MASABA,1347,GACHUBA,112,NYANGORORA DEB PRIMARY SCHOOL,046270134711201,NYANGORORA DEB PRIMARY SCHOOL
046,NYAMIRA,270,KITUTU MASABA,1347,GACHUBA,113,KEGOGI D.O.K PRIMARY SCHOOL,046270134711301,KEGOGI D.O.K PRIMARY SCHOOL
046,NYAMIRA,270,KITUTU MASABA,1348,KEMERA,040,KERORA D.O.K PRIMARY SCHOOL.,046270134804001,KERORA D.O.K PRIMARY SCHOOL.
046,NYAMIRA,270,KITUTU MASABA,1348,KEMERA,040,KERORA D.O.K PRIMARY SCHOOL.,046270134804002,KERORA D.O.K PRIMARY SCHOOL.
046,NYAMIRA,270,KITUTU MASABA,1348,KEMERA,041,KIOMAKONDO D.O.K PRIMARY SCHOOL.,046270134804101,KIOMAKONDO D.O.K PRIMARY SCHOO
046,NYAMIRA,270,KITUTU MASABA,1348,KEMERA,041,KIOMAKONDO D.O.K PRIMARY SCHOOL.,046270134804102,KIOMAKONDO D.O.K PRIMARY SCHOO
046,NYAMIRA,270,KITUTU MASABA,1348,KEMERA,042,KIABIRAA D.E.B PRIMARY SCHOOL,046270134804201,KIABIRAA D.E.B PRIMARY SCHOOL
046,NYAMIRA,270,KITUTU MASABA,1348,KEMERA,042,KIABIRAA D.E.B PRIMARY SCHOOL,046270134804202,KIABIRAA D.E.B PRIMARY SCHOOL
046,NYAMIRA,270,KITUTU MASABA,1348,KEMERA,043,KERONGO D.O.K PRIMARY SCHOOL.,046270134804301,KERONGO D.O.K PRIMARY SCHOOL.
046,NYAMIRA,270,KITUTU MASABA,1348,KEMERA,043,KERONGO D.O.K PRIMARY SCHOOL.,046270134804302,KERONGO D.O.K PRIMARY SCHOOL.
046,NYAMIRA,270,KITUTU MASABA,1348,KEMERA,044,MOKORONGOSI PRIMARY SCHOOL.,046270134804401,MOKORONGOSI PRIMARY SCHOOL.
046,NYAMIRA,270,KITUTU MASABA,1348,KEMERA,044,MOKORONGOSI PRIMARY SCHOOL.,046270134804402,MOKORONGOSI PRIMARY SCHOOL.
046,NYAMIRA,270,KITUTU MASABA,1348,KEMERA,045,NYACHICHI D.O.K PRIMARY SCHOOL,046270134804501,NYACHICHI D.O.K PRIMARY SCHOOL
046,NYAMIRA,270,KITUTU MASABA,1348,KEMERA,045,NYACHICHI D.O.K PRIMARY SCHOOL,046270134804502,NYACHICHI D.O.K PRIMARY SCHOOL
046,NYAMIRA,270,KITUTU MASABA,1348,KEMERA,046,KIENDEGE D.E.B PRIMARY SCHOOL,046270134804601,KIENDEGE D.E.B PRIMARY SCHOOL
046,NYAMIRA,270,KITUTU MASABA,1348,KEMERA,046,KIENDEGE D.E.B PRIMARY SCHOOL,046270134804602,KIENDEGE D.E.B PRIMARY SCHOOL
046,NYAMIRA,270,KITUTU MASABA,1348,KEMERA,047,IRIANYI D.E.B PRIMARY SCHOOL,046270134804701,IRIANYI D.E.B PRIMARY SCHOOL
046,NYAMIRA,270,KITUTU MASABA,1348,KEMERA,048,IKONGE S.D.A PRIMARY SCHOOL,046270134804801,IKONGE S.D.A PRIMARY SCHOOL
046,NYAMIRA,270,KITUTU MASABA,1348,KEMERA,048,IKONGE S.D.A PRIMARY SCHOOL,046270134804802,IKONGE S.D.A PRIMARY SCHOOL
046,NYAMIRA,270,KITUTU MASABA,1348,KEMERA,049,NYAGECHENCHE D.O.K PRIMARY SCHOOL,046270134804901,NYAGECHENCHE D.O.K PRIMARY SCHO
046,NYAMIRA,270,KITUTU MASABA,1348,KEMERA,049,NYAGECHENCHE D.O.K PRIMARY SCHOOL,046270134804902,NYAGECHENCHE D.O.K PRIMARY SCHO
046,NYAMIRA,270,KITUTU MASABA,1348,KEMERA,050,EKERUBO D.O.K PRIMARY SCHOOL.,046270134805001,EKERUBO D.O.K PRIMARY SCHOOL.
046,NYAMIRA,270,KITUTU MASABA,1348,KEMERA,050,EKERUBO D.O.K PRIMARY SCHOOL.,046270134805002,EKERUBO D.O.K PRIMARY SCHOOL.
046,NYAMIRA,270,KITUTU MASABA,1348,KEMERA,050,EKERUBO D.O.K PRIMARY SCHOOL.,046270134805003,EKERUBO D.O.K PRIMARY SCHOOL.
046,NYAMIRA,270,KITUTU MASABA,1348,KEMERA,051,MOITUNYA S.D.A PRIMARY SCHOOL.,046270134805101,MOITUNYA S.D.A PRIMARY SCHOOL.
046,NYAMIRA,270,KITUTU MASABA,1348,KEMERA,051,MOITUNYA S.D.A PRIMARY SCHOOL.,046270134805102,MOITUNYA S.D.A PRIMARY SCHOOL.
046,NYAMIRA,270,KITUTU MASABA,1348,KEMERA,051,MOITUNYA S.D.A PRIMARY SCHOOL.,046270134805103,MOITUNYA S.D.A PRIMARY SCHOOL.
046,NYAMIRA,270,KITUTU MASABA,1348,KEMERA,052,MOKWERERO D.E.B PRIMARY SCHOOL.,046270134805201,MOKWERERO D.E.B PRIMARY SCHOOL.
046,NYAMIRA,270,KITUTU MASABA,1348,KEMERA,052,MOKWERERO D.E.B PRIMARY SCHOOL.,046270134805202,MOKWERERO D.E.B PRIMARY SCHOOL.
046,NYAMIRA,270,KITUTU MASABA,1348,KEMERA,054,MOTEMBE DOK PRIMARY SCHOOL,046270134805401,MOTEMBE DOK PRIMARY SCHOOL
046,NYAMIRA,270,KITUTU MASABA,1348,KEMERA,054,MOTEMBE DOK PRIMARY SCHOOL,046270134805402,MOTEMBE DOK PRIMARY SCHOOL
046,NYAMIRA,270,KITUTU MASABA,1348,KEMERA,055,RIOMORO DOK PRIMARY SCHOOL,046270134805501,RIOMORO DOK PRIMARY SCHOOL
046,NYAMIRA,270,KITUTU MASABA,1348,KEMERA,055,RIOMORO DOK PRIMARY SCHOOL,046270134805502,RIOMORO DOK PRIMARY SCHOOL
046,NYAMIRA,270,KITUTU MASABA,1348,KEMERA,055,RIOMORO DOK PRIMARY SCHOOL,046270134805503,RIOMORO DOK PRIMARY SCHOOL
046,NYAMIRA,270,KITUTU MASABA,1348,KEMERA,055,RIOMORO DOK PRIMARY SCHOOL,046270134805504,RIOMORO DOK PRIMARY SCHOOL
046,NYAMIRA,270,KITUTU MASABA,1348,KEMERA,056,NYANGENA D.O.K. PRIMARY SCHOOL,046270134805601,NYANGENA D.O.K. PRIMARY SCHOOL
046,NYAMIRA,270,KITUTU MASABA,1348,KEMERA,057,AMAIGA TEA BUYING CENTRE,046270134805701,AMAIGA TEA BUYING CENTRE
046,NYAMIRA,270,KITUTU MASABA,1348,KEMERA,057,AMAIGA TEA BUYING CENTRE,046270134805702,AMAIGA TEA BUYING CENTRE
046,NYAMIRA,270,KITUTU MASABA,1348,KEMERA,058,ENTANDA D.E.B PRIMARY SCHOOL.,046270134805801,ENTANDA D.E.B PRIMARY SCHOOL.
046,NYAMIRA,270,KITUTU MASABA,1348,KEMERA,114,KEBOGORA D.O.K PRIMARY SCHOOL,046270134811401,KEBOGORA D.O.K PRIMARY SCHOOL
046,NYAMIRA,270,KITUTU MASABA,1349,MAGOMBO,059,RIONG'UTI D.O.K PRIMARY SCHOOL.,046270134905901,RIONG'UTI D.O.K PRIMARY SCHOOL.
046,NYAMIRA,270,KITUTU MASABA,1349,MAGOMBO,059,RIONG'UTI D.O.K PRIMARY SCHOOL.,046270134905902,RIONG'UTI D.O.K PRIMARY SCHOOL.
046,NYAMIRA,270,KITUTU MASABA,1349,MAGOMBO,060,SIRATE D.O.K PRIMARY SCHOOL.,046270134906001,SIRATE D.O.K PRIMARY SCHOOL.
046,NYAMIRA,270,KITUTU MASABA,1349,MAGOMBO,061,NYAMWANGA D.O.K PRIMARY SCHOOL.,046270134906101,NYAMWANGA D.O.K PRIMARY SCHOOL
046,NYAMIRA,270,KITUTU MASABA,1349,MAGOMBO,061,NYAMWANGA D.O.K PRIMARY SCHOOL.,046270134906102,NYAMWANGA D.O.K PRIMARY SCHOOL
046,NYAMIRA,270,KITUTU MASABA,1349,MAGOMBO,062,RIOGORO P.A.G PRIMARY SCHOOL.,046270134906201,RIOGORO P.A.G PRIMARY SCHOOL.
046,NYAMIRA,270,KITUTU MASABA,1349,MAGOMBO,062,RIOGORO P.A.G PRIMARY SCHOOL.,046270134906202,RIOGORO P.A.G PRIMARY SCHOOL.
046,NYAMIRA,270,KITUTU MASABA,1349,MAGOMBO,063,BOGWENDO P.A.G PRIMARY SCHOOL.,046270134906301,BOGWENDO P.A.G PRIMARY SCHOOL.
046,NYAMIRA,270,KITUTU MASABA,1349,MAGOMBO,063,BOGWENDO P.A.G PRIMARY SCHOOL.,046270134906302,BOGWENDO P.A.G PRIMARY SCHOOL.
046,NYAMIRA,270,KITUTU MASABA,1349,MAGOMBO,064,NYAMBOGO S.D.A PRIMARYSCHOOL,046270134906401,NYAMBOGO S.D.A PRIMARYSCHOOL
046,NYAMIRA,270,KITUTU MASABA,1349,MAGOMBO,064,NYAMBOGO S.D.A PRIMARYSCHOOL,046270134906402,NYAMBOGO S.D.A PRIMARYSCHOOL
046,NYAMIRA,270,KITUTU MASABA,1349,MAGOMBO,065,NYAMBARIA D.E.B PRIMARY SCHOOL.,046270134906501,NYAMBARIA D.E.B PRIMARY SCHOOL.
046,NYAMIRA,270,KITUTU MASABA,1349,MAGOMBO,065,NYAMBARIA D.E.B PRIMARY SCHOOL.,046270134906502,NYAMBARIA D.E.B PRIMARY SCHOOL.
046,NYAMIRA,270,KITUTU MASABA,1349,MAGOMBO,065,NYAMBARIA D.E.B PRIMARY SCHOOL.,046270134906503,NYAMBARIA D.E.B PRIMARY SCHOOL.
046,NYAMIRA,270,KITUTU MASABA,1349,MAGOMBO,066,RIARANGA D.O.K PRIMARY SCHOOL.,046270134906601,RIARANGA D.O.K PRIMARY SCHOOL.
046,NYAMIRA,270,KITUTU MASABA,1349,MAGOMBO,066,RIARANGA D.O.K PRIMARY SCHOOL.,046270134906602,RIARANGA D.O.K PRIMARY SCHOOL.
046,NYAMIRA,270,KITUTU MASABA,1349,MAGOMBO,067,RIAMACHANA D.E.B PRIMARY SCHOOL.,046270134906701,RIAMACHANA D.E.B PRIMARY SCHOOL.
046,NYAMIRA,270,KITUTU MASABA,1349,MAGOMBO,068,KENYERERE P.A.G PRIMARY SCHOOL.,046270134906801,KENYERERE P.A.G PRIMARY SCHOOL.
046,NYAMIRA,270,KITUTU MASABA,1349,MAGOMBO,069,NYAMANAGU TEA BUYING CENTRE,046270134906901,NYAMANAGU TEA BUYING CENTRE
046,NYAMIRA,270,KITUTU MASABA,1349,MAGOMBO,069,NYAMANAGU TEA BUYING CENTRE,046270134906902,NYAMANAGU TEA BUYING CENTRE
046,NYAMIRA,270,KITUTU MASABA,1349,MAGOMBO,070,SIRATE TEA BUYING CENTRE (TOMBE),046270134907001,SIRATE TEA BUYING CENTRE (TOMBE)
046,NYAMIRA,270,KITUTU MASABA,1349,MAGOMBO,071,KENYAMWARE D.E.B PRIMARY SCHOOL,046270134907101,KENYAMWARE D.E.B PRIMARY SCHOOL
046,NYAMIRA,270,KITUTU MASABA,1349,MAGOMBO,072,GEKANO D.O.K PRIMARY SCHOOL.,046270134907201,GEKANO D.O.K PRIMARY SCHOOL.
046,NYAMIRA,270,KITUTU MASABA,1349,MAGOMBO,072,GEKANO D.O.K PRIMARY SCHOOL.,046270134907202,GEKANO D.O.K PRIMARY SCHOOL.
046,NYAMIRA,270,KITUTU MASABA,1349,MAGOMBO,073,RIEGECHURE D.E.B PRIMARY SCHOOL.,046270134907301,RIEGECHURE D.E.B PRIMARY SCHOOL.
046,NYAMIRA,270,KITUTU MASABA,1349,MAGOMBO,074,NYAGUKU D.O.K PRIMARY SCHOOL.,046270134907401,NYAGUKU D.O.K PRIMARY SCHOOL.
046,NYAMIRA,270,KITUTU MASABA,1349,MAGOMBO,115,CHITAGO TEA BUYING CENTRE,046270134911501,CHITAGO TEA BUYING CENTRE
046,NYAMIRA,270,KITUTU MASABA,1349,MAGOMBO,116,KIAMARITA TEA BUYING CENTRE,046270134911601,KIAMARITA TEA BUYING CENTRE
046,NYAMIRA,270,KITUTU MASABA,1350,MANGA,053,IRIANYI TEA BUYING CENTRE,046270135005301,IRIANYI TEA BUYING CENTRE
046,NYAMIRA,270,KITUTU MASABA,1350,MANGA,053,IRIANYI TEA BUYING CENTRE,046270135005302,IRIANYI TEA BUYING CENTRE
046,NYAMIRA,270,KITUTU MASABA,1350,MANGA,075,GESURE E.L.C.K PRIMARY SCHOOL.,046270135007501,GESURE E.L.C.K PRIMARY SCHOOL.
046,NYAMIRA,270,KITUTU MASABA,1350,MANGA,075,GESURE E.L.C.K PRIMARY SCHOOL.,046270135007502,GESURE E.L.C.K PRIMARY SCHOOL.
046,NYAMIRA,270,KITUTU MASABA,1350,MANGA,076,NYAKONGO D.O.K PRIMARY. SCHOOL.,046270135007601,NYAKONGO D.O.K PRIMARY. SCHOOL.
046,NYAMIRA,270,KITUTU MASABA,1350,MANGA,076,NYAKONGO D.O.K PRIMARY. SCHOOL.,046270135007602,NYAKONGO D.O.K PRIMARY. SCHOOL.
046,NYAMIRA,270,KITUTU MASABA,1350,MANGA,077,OGANGO D.E.B PRIMARY SCHOOL.,046270135007701,OGANGO D.E.B PRIMARY SCHOOL.
046,NYAMIRA,270,KITUTU MASABA,1350,MANGA,077,OGANGO D.E.B PRIMARY SCHOOL.,046270135007702,OGANGO D.E.B PRIMARY SCHOOL.
046,NYAMIRA,270,KITUTU MASABA,1350,MANGA,078,MORAKO D.E.B PRIMARY SCHOOL.,046270135007801,MORAKO D.E.B PRIMARY SCHOOL.
046,NYAMIRA,270,KITUTU MASABA,1350,MANGA,078,MORAKO D.E.B PRIMARY SCHOOL.,046270135007802,MORAKO D.E.B PRIMARY SCHOOL.
046,NYAMIRA,270,KITUTU MASABA,1350,MANGA,079,KIOGUTWA S.D.A PRIMARY SCHOOL.,046270135007901,KIOGUTWA S.D.A PRIMARY SCHOOL.
046,NYAMIRA,270,KITUTU MASABA,1350,MANGA,079,KIOGUTWA S.D.A PRIMARY SCHOOL.,046270135007902,KIOGUTWA S.D.A PRIMARY SCHOOL.
046,NYAMIRA,270,KITUTU MASABA,1350,MANGA,080,TOMBE S.D.A PRIMARY SCHOOL,046270135008001,TOMBE S.D.A PRIMARY SCHOOL
046,NYAMIRA,270,KITUTU MASABA,1350,MANGA,080,TOMBE S.D.A PRIMARY SCHOOL,046270135008002,TOMBE S.D.A PRIMARY SCHOOL
046,NYAMIRA,270,KITUTU MASABA,1350,MANGA,080,TOMBE S.D.A PRIMARY SCHOOL,046270135008003,TOMBE S.D.A PRIMARY SCHOOL
046,NYAMIRA,270,KITUTU MASABA,1350,MANGA,081,IKOBE D.E.B PRIMARY SCHOOL.,046270135008101,IKOBE D.E.B PRIMARY SCHOOL.
046,NYAMIRA,270,KITUTU MASABA,1350,MANGA,081,IKOBE D.E.B PRIMARY SCHOOL.,046270135008102,IKOBE D.E.B PRIMARY SCHOOL.
046,NYAMIRA,270,KITUTU MASABA,1350,MANGA,081,IKOBE D.E.B PRIMARY SCHOOL.,046270135008103,IKOBE D.E.B PRIMARY SCHOOL.
046,NYAMIRA,270,KITUTU MASABA,1350,MANGA,082,SENGERA D.E.B PRIMARY SCHOOL.,046270135008201,SENGERA D.E.B PRIMARY SCHOOL.
046,NYAMIRA,270,KITUTU MASABA,1350,MANGA,082,SENGERA D.E.B PRIMARY SCHOOL.,046270135008202,SENGERA D.E.B PRIMARY SCHOOL.
046,NYAMIRA,270,KITUTU MASABA,1350,MANGA,083,NYAISA S.D.A PRIMARY SCHOOL.,046270135008301,NYAISA S.D.A PRIMARY SCHOOL.
046,NYAMIRA,270,KITUTU MASABA,1350,MANGA,083,NYAISA S.D.A PRIMARY SCHOOL.,046270135008302,NYAISA S.D.A PRIMARY SCHOOL.
046,NYAMIRA,270,KITUTU MASABA,1350,MANGA,083,NYAISA S.D.A PRIMARY SCHOOL.,046270135008303,NYAISA S.D.A PRIMARY SCHOOL.
046,NYAMIRA,270,KITUTU MASABA,1350,MANGA,084,NYAMARE S.D.A PRIMARY SCHOOL.,046270135008401,NYAMARE S.D.A PRIMARY SCHOOL.
046,NYAMIRA,270,KITUTU MASABA,1350,MANGA,085,IRINGA TEA BUYING CENTRE,046270135008501,IRINGA TEA BUYING CENTRE
046,NYAMIRA,270,KITUTU MASABA,1350,MANGA,085,IRINGA TEA BUYING CENTRE,046270135008502,IRINGA TEA BUYING CENTRE
046,NYAMIRA,270,KITUTU MASABA,1350,MANGA,086,NYABIOTO TEA BUYING CENTRE,046270135008601,NYABIOTO TEA BUYING CENTRE
046,NYAMIRA,270,KITUTU MASABA,1350,MANGA,086,NYABIOTO TEA BUYING CENTRE,046270135008602,NYABIOTO TEA BUYING CENTRE
046,NYAMIRA,270,KITUTU MASABA,1350,MANGA,087,MANGA TEA COLLECTION CENTRE,046270135008701,MANGA TEA COLLECTION CENTRE
046,NYAMIRA,270,KITUTU MASABA,1350,MANGA,087,MANGA TEA COLLECTION CENTRE,046270135008702,MANGA TEA COLLECTION CENTRE
046,NYAMIRA,270,KITUTU MASABA,1350,MANGA,088,NYAMACHE MANGE S.D.A PRIMARY SCHOOL,046270135008801,NYAMACHE MANGE S.D.A PRIMARY SC
046,NYAMIRA,270,KITUTU MASABA,1350,MANGA,089,GESONSO COFFEE FACTORY,046270135008901,GESONSO COFFEE FACTORY
046,NYAMIRA,270,KITUTU MASABA,1350,MANGA,089,GESONSO COFFEE FACTORY,046270135008902,GESONSO COFFEE FACTORY
046,NYAMIRA,270,KITUTU MASABA,1350,MANGA,090,NYAIKURO D.E.B PRIMARY SCHOOL.,046270135009001,NYAIKURO D.E.B PRIMARY SCHOOL.
046,NYAMIRA,270,KITUTU MASABA,1350,MANGA,090,NYAIKURO D.E.B PRIMARY SCHOOL.,046270135009002,NYAIKURO D.E.B PRIMARY SCHOOL.
046,NYAMIRA,270,KITUTU MASABA,1351,GESIMA,091,GESIMA PRIMARY SCHOOL,046270135109101,GESIMA PRIMARY SCHOOL
046,NYAMIRA,270,KITUTU MASABA,1351,GESIMA,091,GESIMA PRIMARY SCHOOL,046270135109102,GESIMA PRIMARY SCHOOL
046,NYAMIRA,270,KITUTU MASABA,1351,GESIMA,091,GESIMA PRIMARY SCHOOL,046270135109103,GESIMA PRIMARY SCHOOL
046,NYAMIRA,270,KITUTU MASABA,1351,GESIMA,091,GESIMA PRIMARY SCHOOL,046270135109104,GESIMA PRIMARY SCHOOL
046,NYAMIRA,270,KITUTU MASABA,1351,GESIMA,092,RIAMONI D.E.B PRIMARY SCHOOL,046270135109201,RIAMONI D.E.B PRIMARY SCHOOL
046,NYAMIRA,270,KITUTU MASABA,1351,GESIMA,092,RIAMONI D.E.B PRIMARY SCHOOL,046270135109202,RIAMONI D.E.B PRIMARY SCHOOL
046,NYAMIRA,270,KITUTU MASABA,1351,GESIMA,093,RITIBO D.E.B PRIMARY SCHOOL,046270135109301,RITIBO D.E.B PRIMARY SCHOOL
046,NYAMIRA,270,KITUTU MASABA,1351,GESIMA,093,RITIBO D.E.B PRIMARY SCHOOL,046270135109302,RITIBO D.E.B PRIMARY SCHOOL
046,NYAMIRA,270,KITUTU MASABA,1351,GESIMA,094,NYATIENO D.E.B PRIMARY SCHOOL,046270135109401,NYATIENO D.E.B PRIMARY SCHOOL
046,NYAMIRA,270,KITUTU MASABA,1351,GESIMA,094,NYATIENO D.E.B PRIMARY SCHOOL,046270135109402,NYATIENO D.E.B PRIMARY SCHOOL
046,NYAMIRA,270,KITUTU MASABA,1351,GESIMA,095,NYAMAKOROTO D.O.K PRIMARY SCHOOL,046270135109501,NYAMAKOROTO D.O.K PRIMARY SCHO
046,NYAMIRA,270,KITUTU MASABA,1351,GESIMA,095,NYAMAKOROTO D.O.K PRIMARY SCHOOL,046270135109502,NYAMAKOROTO D.O.K PRIMARY SCHO
046,NYAMIRA,270,KITUTU MASABA,1351,GESIMA,096,IRANYA P.A.G PRIMARY SCHOOL,046270135109601,IRANYA P.A.G PRIMARY SCHOOL
046,NYAMIRA,270,KITUTU MASABA,1351,GESIMA,096,IRANYA P.A.G PRIMARY SCHOOL,046270135109602,IRANYA P.A.G PRIMARY SCHOOL
046,NYAMIRA,270,KITUTU MASABA,1351,GESIMA,097,MOSOBETI D.O.K PRIMARY SCHOOL.,046270135109701,MOSOBETI D.O.K PRIMARY SCHOOL.
046,NYAMIRA,270,KITUTU MASABA,1351,GESIMA,097,MOSOBETI D.O.K PRIMARY SCHOOL.,046270135109702,MOSOBETI D.O.K PRIMARY SCHOOL.
046,NYAMIRA,270,KITUTU MASABA,1351,GESIMA,098,ESANI D.E.B PRIMARY SCHOOL.,046270135109801,ESANI D.E.B PRIMARY SCHOOL.
046,NYAMIRA,270,KITUTU MASABA,1351,GESIMA,098,ESANI D.E.B PRIMARY SCHOOL.,046270135109802,ESANI D.E.B PRIMARY SCHOOL.
046,NYAMIRA,270,KITUTU MASABA,1351,GESIMA,099,MOCHENWA D.E.B PRIMARY SCHOOL.,046270135109901,MOCHENWA D.E.B PRIMARY SCHOOL.
046,NYAMIRA,270,KITUTU MASABA,1351,GESIMA,099,MOCHENWA D.E.B PRIMARY SCHOOL.,046270135109902,MOCHENWA D.E.B PRIMARY SCHOOL.
046,NYAMIRA,270,KITUTU MASABA,1351,GESIMA,100,KARANTINI S.D.A PRIMARY SCHOOL,046270135110001,KARANTINI S.D.A PRIMARY SCHOOL
046,NYAMIRA,270,KITUTU MASABA,1351,GESIMA,101,MACHURURIATI PRIMARY SCHOOL.,046270135110101,MACHURURIATI PRIMARY SCHOOL.
046,NYAMIRA,270,KITUTU MASABA,1351,GESIMA,101,MACHURURIATI PRIMARY SCHOOL.,046270135110102,MACHURURIATI PRIMARY SCHOOL.
046,NYAMIRA,270,KITUTU MASABA,1351,GESIMA,102,RISA D.E.B PRIMARY SCHOOL.,046270135110201,RISA D.E.B PRIMARY SCHOOL.
046,NYAMIRA,270,KITUTU MASABA,1351,GESIMA,103,MATONGO TEA BUYING CENTRE,046270135110301,MATONGO TEA BUYING CENTRE
046,NYAMIRA,270,KITUTU MASABA,1351,GESIMA,104,NYABIOSI (K) D.O.K PRIMARY SCHOOL,046270135110401,NYABIOSI (K) D.O.K PRIMARY SCHOOL
046,NYAMIRA,270,KITUTU MASABA,1351,GESIMA,104,NYABIOSI (K) D.O.K PRIMARY SCHOOL,046270135110402,NYABIOSI (K) D.O.K PRIMARY SCHOOL
046,NYAMIRA,270,KITUTU MASABA,1351,GESIMA,105,RIAKWORO S.D.A PRIMARY SCHOOL.,046270135110501,RIAKWORO S.D.A PRIMARY SCHOOL.
046,NYAMIRA,270,KITUTU MASABA,1351,GESIMA,106,NYAKONGO D.E.B PRIMARY SCHOOL,046270135110601,NYAKONGO D.E.B PRIMARY SCHOOL
046,NYAMIRA,270,KITUTU MASABA,1351,GESIMA,106,NYAKONGO D.E.B PRIMARY SCHOOL,046270135110602,NYAKONGO D.E.B PRIMARY SCHOOL
046,NYAMIRA,270,KITUTU MASABA,1351,GESIMA,107,NYABUYA D.E.B PRIMARY SCHOOL,046270135110701,NYABUYA D.E.B PRIMARY SCHOOL
046,NYAMIRA,270,KITUTU MASABA,1351,GESIMA,108,SUNGUTUTA PRIMARY SCHOOL,046270135110801,SUNGUTUTA PRIMARY SCHOOL
046,NYAMIRA,270,KITUTU MASABA,1351,GESIMA,109,ENCHORO  PRIMARY SCHOOL,046270135110901,ENCHORO  PRIMARY SCHOOL
046,NYAMIRA,270,KITUTU MASABA,1351,GESIMA,109,ENCHORO  PRIMARY SCHOOL,046270135110902,ENCHORO  PRIMARY SCHOOL
046,NYAMIRA,270,KITUTU MASABA,1351,GESIMA,109,ENCHORO  PRIMARY SCHOOL,046270135110903,ENCHORO  PRIMARY SCHOOL
046,NYAMIRA,270,KITUTU MASABA,1351,GESIMA,110,MATUTU P.A.G PRIMARY SCHOOL,046270135111001,MATUTU P.A.G PRIMARY SCHOOL
046,NYAMIRA,270,KITUTU MASABA,1351,GESIMA,111,NYABOGOYE  D.O.K. PRIMARY SCHOOL,046270135111101,NYABOGOYE  D.O.K. PRIMARY SCHOOL
046,NYAMIRA,270,KITUTU MASABA,1351,GESIMA,117,KEBUKO D.O.K PRIMARY SCHOOL,046270135111701,KEBUKO D.O.K PRIMARY SCHOOL
046,NYAMIRA,271,WEST MUGIRANGO,1352,NYAMAIYA,001,TONGA DEB PRI SCH,046271135200101,TONGA DEB PRI SCH
046,NYAMIRA,271,WEST MUGIRANGO,1352,NYAMAIYA,001,TONGA DEB PRI SCH,046271135200102,TONGA DEB PRI SCH
046,NYAMIRA,271,WEST MUGIRANGO,1352,NYAMAIYA,002,MATIERIO DEB PRI SCH,046271135200201,MATIERIO DEB PRI SCH
046,NYAMIRA,271,WEST MUGIRANGO,1352,NYAMAIYA,003,GEKOMONI DEB PRI SCH,046271135200301,GEKOMONI DEB PRI SCH
046,NYAMIRA,271,WEST MUGIRANGO,1352,NYAMAIYA,004,MARARA SDA PRI SCH,046271135200401,MARARA SDA PRI SCH
046,NYAMIRA,271,WEST MUGIRANGO,1352,NYAMAIYA,004,MARARA SDA PRI SCH,046271135200402,MARARA SDA PRI SCH
046,NYAMIRA,271,WEST MUGIRANGO,1352,NYAMAIYA,005,GETAARI DEB PRI SCH,046271135200501,GETAARI DEB PRI SCH
046,NYAMIRA,271,WEST MUGIRANGO,1352,NYAMAIYA,005,GETAARI DEB PRI SCH,046271135200502,GETAARI DEB PRI SCH
046,NYAMIRA,271,WEST MUGIRANGO,1352,NYAMAIYA,006,RANGENYO DOK PRI SCH,046271135200601,RANGENYO DOK PRI SCH
046,NYAMIRA,271,WEST MUGIRANGO,1352,NYAMAIYA,006,RANGENYO DOK PRI SCH,046271135200602,RANGENYO DOK PRI SCH
046,NYAMIRA,271,WEST MUGIRANGO,1352,NYAMAIYA,006,RANGENYO DOK PRI SCH,046271135200603,RANGENYO DOK PRI SCH
046,NYAMIRA,271,WEST MUGIRANGO,1352,NYAMAIYA,007,BONDEKA ELCK PRI SCH,046271135200701,BONDEKA ELCK PRI SCH
046,NYAMIRA,271,WEST MUGIRANGO,1352,NYAMAIYA,008,EGESIERI DOK PRI SCH,046271135200801,EGESIERI DOK PRI SCH
046,NYAMIRA,271,WEST MUGIRANGO,1352,NYAMAIYA,008,EGESIERI DOK PRI SCH,046271135200802,EGESIERI DOK PRI SCH
046,NYAMIRA,271,WEST MUGIRANGO,1352,NYAMAIYA,008,EGESIERI DOK PRI SCH,046271135200803,EGESIERI DOK PRI SCH
046,NYAMIRA,271,WEST MUGIRANGO,1352,NYAMAIYA,009,KEMASARE DOK PRI SCH,046271135200901,KEMASARE DOK PRI SCH
046,NYAMIRA,271,WEST MUGIRANGO,1352,NYAMAIYA,010,OMOKONGE DEB PRI SCH,046271135201001,OMOKONGE DEB PRI SCH
046,NYAMIRA,271,WEST MUGIRANGO,1352,NYAMAIYA,011,RATANDI DEB PRI SCH,046271135201101,RATANDI DEB PRI SCH
046,NYAMIRA,271,WEST MUGIRANGO,1352,NYAMAIYA,012,MIRUKA MARKET,046271135201201,MIRUKA MARKET
046,NYAMIRA,271,WEST MUGIRANGO,1352,NYAMAIYA,012,MIRUKA MARKET,046271135201202,MIRUKA MARKET
046,NYAMIRA,271,WEST MUGIRANGO,1352,NYAMAIYA,012,MIRUKA MARKET,046271135201203,MIRUKA MARKET
046,NYAMIRA,271,WEST MUGIRANGO,1352,NYAMAIYA,013,MASOSA AIC PRI SCH,046271135201301,MASOSA AIC PRI SCH
046,NYAMIRA,271,WEST MUGIRANGO,1352,NYAMAIYA,013,MASOSA AIC PRI SCH,046271135201302,MASOSA AIC PRI SCH
046,NYAMIRA,271,WEST MUGIRANGO,1352,NYAMAIYA,014,BUGO DOK PRI SCH,046271135201401,BUGO DOK PRI SCH
046,NYAMIRA,271,WEST MUGIRANGO,1352,NYAMAIYA,015,BONYAIGUBA DOK PRI SCH,046271135201501,BONYAIGUBA DOK PRI SCH
046,NYAMIRA,271,WEST MUGIRANGO,1352,NYAMAIYA,015,BONYAIGUBA DOK PRI SCH,046271135201502,BONYAIGUBA DOK PRI SCH
046,NYAMIRA,271,WEST MUGIRANGO,1352,NYAMAIYA,016,RATETI DOK PRI SCH,046271135201601,RATETI DOK PRI SCH
046,NYAMIRA,271,WEST MUGIRANGO,1352,NYAMAIYA,017,NYAIGESA ELCK PRI SCH,046271135201701,NYAIGESA ELCK PRI SCH
046,NYAMIRA,271,WEST MUGIRANGO,1352,NYAMAIYA,018,MANG'ONG'O ELCK PRI SCH,046271135201801,MANG'ONG'O ELCK PRI SCH
046,NYAMIRA,271,WEST MUGIRANGO,1352,NYAMAIYA,085,NYASORE MARKET,046271135208501,NYASORE MARKET
046,NYAMIRA,271,WEST MUGIRANGO,1353,BOGICHORA,019,BOSIANGO ELCK PRI SCH,046271135301901,BOSIANGO ELCK PRI SCH
046,NYAMIRA,271,WEST MUGIRANGO,1353,BOGICHORA,019,BOSIANGO ELCK PRI SCH,046271135301902,BOSIANGO ELCK PRI SCH
046,NYAMIRA,271,WEST MUGIRANGO,1353,BOGICHORA,020,MAKAIRO DEB PRI SCH,046271135302001,MAKAIRO DEB PRI SCH
046,NYAMIRA,271,WEST MUGIRANGO,1353,BOGICHORA,020,MAKAIRO DEB PRI SCH,046271135302002,MAKAIRO DEB PRI SCH
046,NYAMIRA,271,WEST MUGIRANGO,1353,BOGICHORA,021,IBUCHA DEB PRI SCH,046271135302101,IBUCHA DEB PRI SCH
046,NYAMIRA,271,WEST MUGIRANGO,1353,BOGICHORA,021,IBUCHA DEB PRI SCH,046271135302102,IBUCHA DEB PRI SCH
046,NYAMIRA,271,WEST MUGIRANGO,1353,BOGICHORA,022,SIRONGA DEB PRI SCH,046271135302201,SIRONGA DEB PRI SCH
046,NYAMIRA,271,WEST MUGIRANGO,1353,BOGICHORA,022,SIRONGA DEB PRI SCH,046271135302202,SIRONGA DEB PRI SCH
046,NYAMIRA,271,WEST MUGIRANGO,1353,BOGICHORA,023,KENYAMBI DEB PRI SCH,046271135302301,KENYAMBI DEB PRI SCH
046,NYAMIRA,271,WEST MUGIRANGO,1353,BOGICHORA,023,KENYAMBI DEB PRI SCH,046271135302302,KENYAMBI DEB PRI SCH
046,NYAMIRA,271,WEST MUGIRANGO,1353,BOGICHORA,024,OTANYORE ELCK PRI SCH,046271135302401,OTANYORE ELCK PRI SCH
046,NYAMIRA,271,WEST MUGIRANGO,1353,BOGICHORA,024,OTANYORE ELCK PRI SCH,046271135302402,OTANYORE ELCK PRI SCH
046,NYAMIRA,271,WEST MUGIRANGO,1353,BOGICHORA,025,ETONO DOK PRI SCH,046271135302501,ETONO DOK PRI SCH
046,NYAMIRA,271,WEST MUGIRANGO,1353,BOGICHORA,025,ETONO DOK PRI SCH,046271135302502,ETONO DOK PRI SCH
046,NYAMIRA,271,WEST MUGIRANGO,1353,BOGICHORA,026,NYAMOTENTEMI DOK PRI SCH,046271135302601,NYAMOTENTEMI DOK PRI SCH
046,NYAMIRA,271,WEST MUGIRANGO,1353,BOGICHORA,026,NYAMOTENTEMI DOK PRI SCH,046271135302602,NYAMOTENTEMI DOK PRI SCH
046,NYAMIRA,271,WEST MUGIRANGO,1353,BOGICHORA,027,GIANCHORE PAG PRI SCH,046271135302701,GIANCHORE PAG PRI SCH
046,NYAMIRA,271,WEST MUGIRANGO,1353,BOGICHORA,027,GIANCHORE PAG PRI SCH,046271135302702,GIANCHORE PAG PRI SCH
046,NYAMIRA,271,WEST MUGIRANGO,1353,BOGICHORA,027,GIANCHORE PAG PRI SCH,046271135302703,GIANCHORE PAG PRI SCH
046,NYAMIRA,271,WEST MUGIRANGO,1353,BOGICHORA,028,NYAISA DOK PRI SCH,046271135302801,NYAISA DOK PRI SCH
046,NYAMIRA,271,WEST MUGIRANGO,1353,BOGICHORA,028,NYAISA DOK PRI SCH,046271135302802,NYAISA DOK PRI SCH
046,NYAMIRA,271,WEST MUGIRANGO,1353,BOGICHORA,029,BOMORITO PAG PRI SCH,046271135302901,BOMORITO PAG PRI SCH
046,NYAMIRA,271,WEST MUGIRANGO,1353,BOGICHORA,030,EMBONGA DOK PRI SCH,046271135303001,EMBONGA DOK PRI SCH
046,NYAMIRA,271,WEST MUGIRANGO,1353,BOGICHORA,030,EMBONGA DOK PRI SCH,046271135303002,EMBONGA DOK PRI SCH
046,NYAMIRA,271,WEST MUGIRANGO,1353,BOGICHORA,031,BONYUNYU SDA PRI SCH,046271135303101,BONYUNYU SDA PRI SCH
046,NYAMIRA,271,WEST MUGIRANGO,1353,BOGICHORA,032,NYAMERU DEB PRI SCH,046271135303201,NYAMERU DEB PRI SCH
046,NYAMIRA,271,WEST MUGIRANGO,1353,BOGICHORA,033,IKURUCHA DOK PRI SCH,046271135303301,IKURUCHA DOK PRI SCH
046,NYAMIRA,271,WEST MUGIRANGO,1353,BOGICHORA,033,IKURUCHA DOK PRI SCH,046271135303302,IKURUCHA DOK PRI SCH
046,NYAMIRA,271,WEST MUGIRANGO,1353,BOGICHORA,034,IKONGE DEB PRI SCH,046271135303401,IKONGE DEB PRI SCH
046,NYAMIRA,271,WEST MUGIRANGO,1353,BOGICHORA,035,OMOSASA DEB PRI SCH,046271135303501,OMOSASA DEB PRI SCH
046,NYAMIRA,271,WEST MUGIRANGO,1353,BOGICHORA,036,GETARE  TBC (TEA BUYING CENTRE),046271135303601,GETARE  TBC (TEA BUYING CENTRE)
046,NYAMIRA,271,WEST MUGIRANGO,1353,BOGICHORA,036,GETARE  TBC (TEA BUYING CENTRE),046271135303602,GETARE  TBC (TEA BUYING CENTRE)
046,NYAMIRA,271,WEST MUGIRANGO,1353,BOGICHORA,037,GETA PAG PRI SCH,046271135303701,GETA PAG PRI SCH
046,NYAMIRA,271,WEST MUGIRANGO,1353,BOGICHORA,037,GETA PAG PRI SCH,046271135303702,GETA PAG PRI SCH
046,NYAMIRA,271,WEST MUGIRANGO,1353,BOGICHORA,038,MONGORISIA DOK PRI SCH,046271135303801,MONGORISIA DOK PRI SCH
046,NYAMIRA,271,WEST MUGIRANGO,1353,BOGICHORA,038,MONGORISIA DOK PRI SCH,046271135303802,MONGORISIA DOK PRI SCH
046,NYAMIRA,271,WEST MUGIRANGO,1353,BOGICHORA,039,KIAMBERE DEB PRI SCH,046271135303901,KIAMBERE DEB PRI SCH
046,NYAMIRA,271,WEST MUGIRANGO,1353,BOGICHORA,040,EKERAMA DEB PRI SCH,046271135304001,EKERAMA DEB PRI SCH
046,NYAMIRA,271,WEST MUGIRANGO,1353,BOGICHORA,041,RAMBA ELCK PRI SCH,046271135304101,RAMBA ELCK PRI SCH
046,NYAMIRA,271,WEST MUGIRANGO,1353,BOGICHORA,042,MARINDI DEB PRI SCH,046271135304201,MARINDI DEB PRI SCH
046,NYAMIRA,271,WEST MUGIRANGO,1353,BOGICHORA,042,MARINDI DEB PRI SCH,046271135304202,MARINDI DEB PRI SCH
046,NYAMIRA,271,WEST MUGIRANGO,1354,BOSAMARO,043,NYANTARO DOK PRI SCH,046271135404301,NYANTARO DOK PRI SCH
046,NYAMIRA,271,WEST MUGIRANGO,1354,BOSAMARO,043,NYANTARO DOK PRI SCH,046271135404302,NYANTARO DOK PRI SCH
046,NYAMIRA,271,WEST MUGIRANGO,1354,BOSAMARO,044,KIANYABAO DEB PRI SCH,046271135404401,KIANYABAO DEB PRI SCH
046,NYAMIRA,271,WEST MUGIRANGO,1354,BOSAMARO,045,KIANG'INDA DEB  PRI SCH,046271135404501,KIANG'INDA DEB  PRI SCH
046,NYAMIRA,271,WEST MUGIRANGO,1354,BOSAMARO,045,KIANG'INDA DEB  PRI SCH,046271135404502,KIANG'INDA DEB  PRI SCH
046,NYAMIRA,271,WEST MUGIRANGO,1354,BOSAMARO,046,RIAMANDERE DEB PRI SCH,046271135404601,RIAMANDERE DEB PRI SCH
046,NYAMIRA,271,WEST MUGIRANGO,1354,BOSAMARO,046,RIAMANDERE DEB PRI SCH,046271135404602,RIAMANDERE DEB PRI SCH
046,NYAMIRA,271,WEST MUGIRANGO,1354,BOSAMARO,047,NYAKORIA DEB PRI SCH,046271135404701,NYAKORIA DEB PRI SCH
046,NYAMIRA,271,WEST MUGIRANGO,1354,BOSAMARO,047,NYAKORIA DEB PRI SCH,046271135404702,NYAKORIA DEB PRI SCH
046,NYAMIRA,271,WEST MUGIRANGO,1354,BOSAMARO,048,NYACHOGOCHOGO DEB PRI SCH,046271135404801,NYACHOGOCHOGO DEB PRI SCH
046,NYAMIRA,271,WEST MUGIRANGO,1354,BOSAMARO,048,NYACHOGOCHOGO DEB PRI SCH,046271135404802,NYACHOGOCHOGO DEB PRI SCH
046,NYAMIRA,271,WEST MUGIRANGO,1354,BOSAMARO,049,GUCHA SDA PRI SCH,046271135404901,GUCHA SDA PRI SCH
046,NYAMIRA,271,WEST MUGIRANGO,1354,BOSAMARO,049,GUCHA SDA PRI SCH,046271135404902,GUCHA SDA PRI SCH
046,NYAMIRA,271,WEST MUGIRANGO,1354,BOSAMARO,050,MORUGA ELCK PRI SCH,046271135405001,MORUGA ELCK PRI SCH
046,NYAMIRA,271,WEST MUGIRANGO,1354,BOSAMARO,050,MORUGA ELCK PRI SCH,046271135405002,MORUGA ELCK PRI SCH
046,NYAMIRA,271,WEST MUGIRANGO,1354,BOSAMARO,051,KIANUNGU PAG PRI SCH,046271135405101,KIANUNGU PAG PRI SCH
046,NYAMIRA,271,WEST MUGIRANGO,1354,BOSAMARO,051,KIANUNGU PAG PRI SCH,046271135405102,KIANUNGU PAG PRI SCH
046,NYAMIRA,271,WEST MUGIRANGO,1354,BOSAMARO,052,TINGA DOK PRI SCH,046271135405201,TINGA DOK PRI SCH
046,NYAMIRA,271,WEST MUGIRANGO,1354,BOSAMARO,052,TINGA DOK PRI SCH,046271135405202,TINGA DOK PRI SCH
046,NYAMIRA,271,WEST MUGIRANGO,1354,BOSAMARO,052,TINGA DOK PRI SCH,046271135405203,TINGA DOK PRI SCH
046,NYAMIRA,271,WEST MUGIRANGO,1354,BOSAMARO,053,GESIAGA DEB PRI SCH,046271135405301,GESIAGA DEB PRI SCH
046,NYAMIRA,271,WEST MUGIRANGO,1354,BOSAMARO,053,GESIAGA DEB PRI SCH,046271135405302,GESIAGA DEB PRI SCH
046,NYAMIRA,271,WEST MUGIRANGO,1354,BOSAMARO,054,KUURA DEB PRI SCH,046271135405401,KUURA DEB PRI SCH
046,NYAMIRA,271,WEST MUGIRANGO,1354,BOSAMARO,054,KUURA DEB PRI SCH,046271135405402,KUURA DEB PRI SCH
046,NYAMIRA,271,WEST MUGIRANGO,1354,BOSAMARO,055,GIRIGIRI DEB PRI SCH,046271135405501,GIRIGIRI DEB PRI SCH
046,NYAMIRA,271,WEST MUGIRANGO,1354,BOSAMARO,055,GIRIGIRI DEB PRI SCH,046271135405502,GIRIGIRI DEB PRI SCH
046,NYAMIRA,271,WEST MUGIRANGO,1354,BOSAMARO,056,NYANGENA TBC (TEA BUYING CENTRE),046271135405601,NYANGENA TBC (TEA BUYING CENTRE)
046,NYAMIRA,271,WEST MUGIRANGO,1354,BOSAMARO,056,NYANGENA TBC (TEA BUYING CENTRE),046271135405602,NYANGENA TBC (TEA BUYING CENTRE)
046,NYAMIRA,271,WEST MUGIRANGO,1354,BOSAMARO,057,EKORO PAG PRI SCH,046271135405701,EKORO PAG PRI SCH
046,NYAMIRA,271,WEST MUGIRANGO,1354,BOSAMARO,057,EKORO PAG PRI SCH,046271135405702,EKORO PAG PRI SCH
046,NYAMIRA,271,WEST MUGIRANGO,1354,BOSAMARO,058,RIAKIMAI DEB PRI SCH,046271135405801,RIAKIMAI DEB PRI SCH
046,NYAMIRA,271,WEST MUGIRANGO,1354,BOSAMARO,059,KEGOGI DEB PRI SCH,046271135405901,KEGOGI DEB PRI SCH
046,NYAMIRA,271,WEST MUGIRANGO,1354,BOSAMARO,060,IGENAITAMBE DEB PRI SCH,046271135406001,IGENAITAMBE DEB PRI SCH
046,NYAMIRA,271,WEST MUGIRANGO,1354,BOSAMARO,060,IGENAITAMBE DEB PRI SCH,046271135406002,IGENAITAMBE DEB PRI SCH
046,NYAMIRA,271,WEST MUGIRANGO,1354,BOSAMARO,061,NYAGACHI DEB PRIMARY SCHOOL,046271135406101,NYAGACHI DEB PRIMARY SCHOOL
046,NYAMIRA,271,WEST MUGIRANGO,1354,BOSAMARO,061,NYAGACHI DEB PRIMARY SCHOOL,046271135406102,NYAGACHI DEB PRIMARY SCHOOL
046,NYAMIRA,271,WEST MUGIRANGO,1354,BOSAMARO,062,MOTAGARA DEB PRIMARY SCHOOL,046271135406201,MOTAGARA DEB PRIMARY SCHOOL
046,NYAMIRA,271,WEST MUGIRANGO,1354,BOSAMARO,062,MOTAGARA DEB PRIMARY SCHOOL,046271135406202,MOTAGARA DEB PRIMARY SCHOOL
046,NYAMIRA,271,WEST MUGIRANGO,1354,BOSAMARO,063,ENCHORO DOK PRIMARY SCHOOL,046271135406301,ENCHORO DOK PRIMARY SCHOOL
046,NYAMIRA,271,WEST MUGIRANGO,1354,BOSAMARO,063,ENCHORO DOK PRIMARY SCHOOL,046271135406302,ENCHORO DOK PRIMARY SCHOOL
046,NYAMIRA,271,WEST MUGIRANGO,1354,BOSAMARO,086,NYANTURAGO PRIMARY SCHOOL,046271135408601,NYANTURAGO PRIMARY SCHOOL
046,NYAMIRA,271,WEST MUGIRANGO,1354,BOSAMARO,087,IKOBE TEA BUYING CENTRE,046271135408701,IKOBE TEA BUYING CENTRE
046,NYAMIRA,271,WEST MUGIRANGO,1355,BONYAMATUTA,064,KEBIRIGO SDA PRI SCH,046271135506401,KEBIRIGO SDA PRI SCH
046,NYAMIRA,271,WEST MUGIRANGO,1355,BONYAMATUTA,064,KEBIRIGO SDA PRI SCH,046271135506402,KEBIRIGO SDA PRI SCH
046,NYAMIRA,271,WEST MUGIRANGO,1355,BONYAMATUTA,064,KEBIRIGO SDA PRI SCH,046271135506403,KEBIRIGO SDA PRI SCH
046,NYAMIRA,271,WEST MUGIRANGO,1355,BONYAMATUTA,064,KEBIRIGO SDA PRI SCH,046271135506404,KEBIRIGO SDA PRI SCH
046,NYAMIRA,271,WEST MUGIRANGO,1355,BONYAMATUTA,065,NYAKEORE DEB PRI SCH,046271135506501,NYAKEORE DEB PRI SCH
046,NYAMIRA,271,WEST MUGIRANGO,1355,BONYAMATUTA,065,NYAKEORE DEB PRI SCH,046271135506502,NYAKEORE DEB PRI SCH
046,NYAMIRA,271,WEST MUGIRANGO,1355,BONYAMATUTA,065,NYAKEORE DEB PRI SCH,046271135506503,NYAKEORE DEB PRI SCH
046,NYAMIRA,271,WEST MUGIRANGO,1355,BONYAMATUTA,066,MOBAMBA DOK PRI SCH,046271135506601,MOBAMBA DOK PRI SCH
046,NYAMIRA,271,WEST MUGIRANGO,1355,BONYAMATUTA,066,MOBAMBA DOK PRI SCH,046271135506602,MOBAMBA DOK PRI SCH
046,NYAMIRA,271,WEST MUGIRANGO,1355,BONYAMATUTA,067,RIASINDANI DEB PRI SCH,046271135506701,RIASINDANI DEB PRI SCH
046,NYAMIRA,271,WEST MUGIRANGO,1355,BONYAMATUTA,068,KIANYABONGERE PAG PRI SCH,046271135506801,KIANYABONGERE PAG PRI SCH
046,NYAMIRA,271,WEST MUGIRANGO,1355,BONYAMATUTA,069,KABATIA DEB PRI SCH,046271135506901,KABATIA DEB PRI SCH
046,NYAMIRA,271,WEST MUGIRANGO,1355,BONYAMATUTA,070,NYAINOGU DEB PRI SCH,046271135507001,NYAINOGU DEB PRI SCH
046,NYAMIRA,271,WEST MUGIRANGO,1355,BONYAMATUTA,070,NYAINOGU DEB PRI SCH,046271135507002,NYAINOGU DEB PRI SCH
046,NYAMIRA,271,WEST MUGIRANGO,1355,BONYAMATUTA,071,RIRUMI SDA PRI SCH,046271135507101,RIRUMI SDA PRI SCH
046,NYAMIRA,271,WEST MUGIRANGO,1355,BONYAMATUTA,071,RIRUMI SDA PRI SCH,046271135507102,RIRUMI SDA PRI SCH
046,NYAMIRA,271,WEST MUGIRANGO,1355,BONYAMATUTA,072,EKENYORO DEB PRI SCH,046271135507201,EKENYORO DEB PRI SCH
046,NYAMIRA,271,WEST MUGIRANGO,1355,BONYAMATUTA,072,EKENYORO DEB PRI SCH,046271135507202,EKENYORO DEB PRI SCH
046,NYAMIRA,271,WEST MUGIRANGO,1355,BONYAMATUTA,073,KENYENYA SDA PRI SCH,046271135507301,KENYENYA SDA PRI SCH
046,NYAMIRA,271,WEST MUGIRANGO,1355,BONYAMATUTA,073,KENYENYA SDA PRI SCH,046271135507302,KENYENYA SDA PRI SCH
046,NYAMIRA,271,WEST MUGIRANGO,1355,BONYAMATUTA,074,NYAKEMINCHA D.O.K PRI. SCH.,046271135507401,NYAKEMINCHA D.O.K PRI. SCH.
046,NYAMIRA,271,WEST MUGIRANGO,1355,BONYAMATUTA,074,NYAKEMINCHA D.O.K PRI. SCH.,046271135507402,NYAKEMINCHA D.O.K PRI. SCH.
046,NYAMIRA,271,WEST MUGIRANGO,1355,BONYAMATUTA,075,NYABISIMBA DEB PRI SCH,046271135507501,NYABISIMBA DEB PRI SCH
046,NYAMIRA,271,WEST MUGIRANGO,1355,BONYAMATUTA,075,NYABISIMBA DEB PRI SCH,046271135507502,NYABISIMBA DEB PRI SCH
046,NYAMIRA,271,WEST MUGIRANGO,1355,BONYAMATUTA,076,NYAMWETUREKO DOK PRI SCH,046271135507601,NYAMWETUREKO DOK PRI SCH
046,NYAMIRA,271,WEST MUGIRANGO,1355,BONYAMATUTA,076,NYAMWETUREKO DOK PRI SCH,046271135507602,NYAMWETUREKO DOK PRI SCH
046,NYAMIRA,271,WEST MUGIRANGO,1355,BONYAMATUTA,076,NYAMWETUREKO DOK PRI SCH,046271135507603,NYAMWETUREKO DOK PRI SCH
046,NYAMIRA,271,WEST MUGIRANGO,1355,BONYAMATUTA,077,BOSOSE ELCK PRI SCH,046271135507701,BOSOSE ELCK PRI SCH
046,NYAMIRA,271,WEST MUGIRANGO,1355,BONYAMATUTA,077,BOSOSE ELCK PRI SCH,046271135507702,BOSOSE ELCK PRI SCH
046,NYAMIRA,271,WEST MUGIRANGO,1356,TOWNSHIP,078,BOMONDO C.O.G PRI SCH,046271135607801,BOMONDO C.O.G PRI SCH
046,NYAMIRA,271,WEST MUGIRANGO,1356,TOWNSHIP,078,BOMONDO C.O.G PRI SCH,046271135607802,BOMONDO C.O.G PRI SCH
046,NYAMIRA,271,WEST MUGIRANGO,1356,TOWNSHIP,079,NYAIRICHA DEB PRI SCH,046271135607901,NYAIRICHA DEB PRI SCH
046,NYAMIRA,271,WEST MUGIRANGO,1356,TOWNSHIP,079,NYAIRICHA DEB PRI SCH,046271135607902,NYAIRICHA DEB PRI SCH
046,NYAMIRA,271,WEST MUGIRANGO,1356,TOWNSHIP,079,NYAIRICHA DEB PRI SCH,046271135607903,NYAIRICHA DEB PRI SCH
046,NYAMIRA,271,WEST MUGIRANGO,1356,TOWNSHIP,080,GESORE PAG PRI SCH,046271135608001,GESORE PAG PRI SCH
046,NYAMIRA,271,WEST MUGIRANGO,1356,TOWNSHIP,080,GESORE PAG PRI SCH,046271135608002,GESORE PAG PRI SCH
046,NYAMIRA,271,WEST MUGIRANGO,1356,TOWNSHIP,080,GESORE PAG PRI SCH,046271135608003,GESORE PAG PRI SCH
046,NYAMIRA,271,WEST MUGIRANGO,1356,TOWNSHIP,081,NYAMIRA DEB PRI SCH,046271135608101,NYAMIRA DEB PRI SCH
046,NYAMIRA,271,WEST MUGIRANGO,1356,TOWNSHIP,081,NYAMIRA DEB PRI SCH,046271135608102,NYAMIRA DEB PRI SCH
046,NYAMIRA,271,WEST MUGIRANGO,1356,TOWNSHIP,081,NYAMIRA DEB PRI SCH,046271135608103,NYAMIRA DEB PRI SCH
046,NYAMIRA,271,WEST MUGIRANGO,1356,TOWNSHIP,081,NYAMIRA DEB PRI SCH,046271135608104,NYAMIRA DEB PRI SCH
046,NYAMIRA,271,WEST MUGIRANGO,1356,TOWNSHIP,081,NYAMIRA DEB PRI SCH,046271135608105,NYAMIRA DEB PRI SCH
046,NYAMIRA,271,WEST MUGIRANGO,1356,TOWNSHIP,081,NYAMIRA DEB PRI SCH,046271135608106,NYAMIRA DEB PRI SCH
046,NYAMIRA,271,WEST MUGIRANGO,1356,TOWNSHIP,081,NYAMIRA DEB PRI SCH,046271135608107,NYAMIRA DEB PRI SCH
046,NYAMIRA,271,WEST MUGIRANGO,1356,TOWNSHIP,081,NYAMIRA DEB PRI SCH,046271135608108,NYAMIRA DEB PRI SCH
046,NYAMIRA,271,WEST MUGIRANGO,1356,TOWNSHIP,082,TENTE COG PRI SCH,046271135608201,TENTE COG PRI SCH
046,NYAMIRA,271,WEST MUGIRANGO,1356,TOWNSHIP,082,TENTE COG PRI SCH,046271135608202,TENTE COG PRI SCH
046,NYAMIRA,271,WEST MUGIRANGO,1356,TOWNSHIP,082,TENTE COG PRI SCH,046271135608203,TENTE COG PRI SCH
046,NYAMIRA,271,WEST MUGIRANGO,1356,TOWNSHIP,082,TENTE COG PRI SCH,046271135608204,TENTE COG PRI SCH
046,NYAMIRA,271,WEST MUGIRANGO,1356,TOWNSHIP,083,NYANGOSO DEB PRI SCH,046271135608301,NYANGOSO DEB PRI SCH
046,NYAMIRA,271,WEST MUGIRANGO,1356,TOWNSHIP,083,NYANGOSO DEB PRI SCH,046271135608302,NYANGOSO DEB PRI SCH
046,NYAMIRA,271,WEST MUGIRANGO,1356,TOWNSHIP,084,BUNDO DOK PRI SCH,046271135608401,BUNDO DOK PRI SCH
046,NYAMIRA,271,WEST MUGIRANGO,1356,TOWNSHIP,084,BUNDO DOK PRI SCH,046271135608402,BUNDO DOK PRI SCH
046,NYAMIRA,272,NORTH MUGIRANGO,1357,ITIBO,001,TOMBE PRIMARY SCHOOL,046272135700101,TOMBE PRIMARY SCHOOL
046,NYAMIRA,272,NORTH MUGIRANGO,1357,ITIBO,001,TOMBE PRIMARY SCHOOL,046272135700102,TOMBE PRIMARY SCHOOL
046,NYAMIRA,272,NORTH MUGIRANGO,1357,ITIBO,002,ITERESI PRIMARY SCHOOL,046272135700201,ITERESI PRIMARY SCHOOL
046,NYAMIRA,272,NORTH MUGIRANGO,1357,ITIBO,003,NYAGOKIANI PRIMARY SCHOOL,046272135700301,NYAGOKIANI PRIMARY SCHOOL
046,NYAMIRA,272,NORTH MUGIRANGO,1357,ITIBO,003,NYAGOKIANI PRIMARY SCHOOL,046272135700302,NYAGOKIANI PRIMARY SCHOOL
046,NYAMIRA,272,NORTH MUGIRANGO,1357,ITIBO,004,CHAINA PRIMARY SCHOOL,046272135700401,CHAINA PRIMARY SCHOOL
046,NYAMIRA,272,NORTH MUGIRANGO,1357,ITIBO,005,NYAMAURO PRIMARY SCHOOL,046272135700501,NYAMAURO PRIMARY SCHOOL
046,NYAMIRA,272,NORTH MUGIRANGO,1357,ITIBO,005,NYAMAURO PRIMARY SCHOOL,046272135700502,NYAMAURO PRIMARY SCHOOL
046,NYAMIRA,272,NORTH MUGIRANGO,1357,ITIBO,006,NYASIO PRIMARY SCHOOL,046272135700601,NYASIO PRIMARY SCHOOL
046,NYAMIRA,272,NORTH MUGIRANGO,1357,ITIBO,007,OMOKIRONDO PRI. SCH,046272135700701,OMOKIRONDO PRI. SCH
046,NYAMIRA,272,NORTH MUGIRANGO,1357,ITIBO,008,KIANGOMBE PRI. SCH,046272135700801,KIANGOMBE PRI. SCH
046,NYAMIRA,272,NORTH MUGIRANGO,1357,ITIBO,009,MATIERIO PRI. SCH,046272135700901,MATIERIO PRI. SCH
046,NYAMIRA,272,NORTH MUGIRANGO,1357,ITIBO,010,KEBABE PRI. SCH,046272135701001,KEBABE PRI. SCH
046,NYAMIRA,272,NORTH MUGIRANGO,1357,ITIBO,010,KEBABE PRI. SCH,046272135701002,KEBABE PRI. SCH
046,NYAMIRA,272,NORTH MUGIRANGO,1357,ITIBO,011,NYAMWANCHANIA PRI. SCH,046272135701101,NYAMWANCHANIA PRI. SCH
046,NYAMIRA,272,NORTH MUGIRANGO,1357,ITIBO,011,NYAMWANCHANIA PRI. SCH,046272135701102,NYAMWANCHANIA PRI. SCH
046,NYAMIRA,272,NORTH MUGIRANGO,1357,ITIBO,012,ENKINDA PRI. SCH,046272135701201,ENKINDA PRI. SCH
046,NYAMIRA,272,NORTH MUGIRANGO,1357,ITIBO,012,ENKINDA PRI. SCH,046272135701202,ENKINDA PRI. SCH
046,NYAMIRA,272,NORTH MUGIRANGO,1357,ITIBO,012,ENKINDA PRI. SCH,046272135701203,ENKINDA PRI. SCH
046,NYAMIRA,272,NORTH MUGIRANGO,1357,ITIBO,013,GETENGEREIRIE PRI. SCH,046272135701301,GETENGEREIRIE PRI. SCH
046,NYAMIRA,272,NORTH MUGIRANGO,1357,ITIBO,013,GETENGEREIRIE PRI. SCH,046272135701302,GETENGEREIRIE PRI. SCH
046,NYAMIRA,272,NORTH MUGIRANGO,1357,ITIBO,014,GETANGWA PRI. SCH,046272135701401,GETANGWA PRI. SCH
046,NYAMIRA,272,NORTH MUGIRANGO,1357,ITIBO,015,KENYORO PRI. SCH,046272135701501,KENYORO PRI. SCH
046,NYAMIRA,272,NORTH MUGIRANGO,1357,ITIBO,015,KENYORO PRI. SCH,046272135701502,KENYORO PRI. SCH
046,NYAMIRA,272,NORTH MUGIRANGO,1357,ITIBO,016,EKERUBO PRI. SCH,046272135701601,EKERUBO PRI. SCH
046,NYAMIRA,272,NORTH MUGIRANGO,1357,ITIBO,016,EKERUBO PRI. SCH,046272135701602,EKERUBO PRI. SCH
046,NYAMIRA,272,NORTH MUGIRANGO,1358,BOMWAGAMO,017,MAGERI PRI. SCH,046272135801701,MAGERI PRI. SCH
046,NYAMIRA,272,NORTH MUGIRANGO,1358,BOMWAGAMO,017,MAGERI PRI. SCH,046272135801702,MAGERI PRI. SCH
046,NYAMIRA,272,NORTH MUGIRANGO,1358,BOMWAGAMO,018,MONGA PRI. SCH,046272135801801,MONGA PRI. SCH
046,NYAMIRA,272,NORTH MUGIRANGO,1358,BOMWAGAMO,018,MONGA PRI. SCH,046272135801802,MONGA PRI. SCH
046,NYAMIRA,272,NORTH MUGIRANGO,1358,BOMWAGAMO,019,NYANCHOKA PRI. SCH,046272135801901,NYANCHOKA PRI. SCH
046,NYAMIRA,272,NORTH MUGIRANGO,1358,BOMWAGAMO,019,NYANCHOKA PRI. SCH,046272135801902,NYANCHOKA PRI. SCH
046,NYAMIRA,272,NORTH MUGIRANGO,1358,BOMWAGAMO,020,ERONGE PRI. SCH,046272135802001,ERONGE PRI. SCH
046,NYAMIRA,272,NORTH MUGIRANGO,1358,BOMWAGAMO,020,ERONGE PRI. SCH,046272135802002,ERONGE PRI. SCH
046,NYAMIRA,272,NORTH MUGIRANGO,1358,BOMWAGAMO,020,ERONGE PRI. SCH,046272135802003,ERONGE PRI. SCH
046,NYAMIRA,272,NORTH MUGIRANGO,1358,BOMWAGAMO,021,KIABIRAA PRI. SCH,046272135802101,KIABIRAA PRI. SCH
046,NYAMIRA,272,NORTH MUGIRANGO,1358,BOMWAGAMO,021,KIABIRAA PRI. SCH,046272135802102,KIABIRAA PRI. SCH
046,NYAMIRA,272,NORTH MUGIRANGO,1358,BOMWAGAMO,022,ITIBO PRI. SCH,046272135802201,ITIBO PRI. SCH
046,NYAMIRA,272,NORTH MUGIRANGO,1358,BOMWAGAMO,023,ETONO PRI. SCH,046272135802301,ETONO PRI. SCH
046,NYAMIRA,272,NORTH MUGIRANGO,1358,BOMWAGAMO,024,KEBARIGA PRI. SCH,046272135802401,KEBARIGA PRI. SCH
046,NYAMIRA,272,NORTH MUGIRANGO,1358,BOMWAGAMO,024,KEBARIGA PRI. SCH,046272135802402,KEBARIGA PRI. SCH
046,NYAMIRA,272,NORTH MUGIRANGO,1358,BOMWAGAMO,025,NYAKENIMO PRI. SCH.,046272135802501,NYAKENIMO PRI. SCH.
046,NYAMIRA,272,NORTH MUGIRANGO,1358,BOMWAGAMO,025,NYAKENIMO PRI. SCH.,046272135802502,NYAKENIMO PRI. SCH.
046,NYAMIRA,272,NORTH MUGIRANGO,1358,BOMWAGAMO,026,KIOMACHINGI PRI. SCH,046272135802601,KIOMACHINGI PRI. SCH
046,NYAMIRA,272,NORTH MUGIRANGO,1358,BOMWAGAMO,027,MONYARA PRI. SCH,046272135802701,MONYARA PRI. SCH
046,NYAMIRA,272,NORTH MUGIRANGO,1358,BOMWAGAMO,028,NTANA PRI. SCH,046272135802801,NTANA PRI. SCH
046,NYAMIRA,272,NORTH MUGIRANGO,1358,BOMWAGAMO,074,NYAMONURI DEB PRIMARY SCHOOL,046272135807401,NYAMONURI DEB PRIMARY SCHOOL
046,NYAMIRA,272,NORTH MUGIRANGO,1358,BOMWAGAMO,075,KEGOGI DEB PRIMARY SCHOOL,046272135807501,KEGOGI DEB PRIMARY SCHOOL
046,NYAMIRA,272,NORTH MUGIRANGO,1359,BOKEIRA,029,NYAUTUTU PRI. SCH,046272135902901,NYAUTUTU PRI. SCH
046,NYAMIRA,272,NORTH MUGIRANGO,1359,BOKEIRA,029,NYAUTUTU PRI. SCH,046272135902902,NYAUTUTU PRI. SCH
046,NYAMIRA,272,NORTH MUGIRANGO,1359,BOKEIRA,030,MATONGO PRI. SCH,046272135903001,MATONGO PRI. SCH
046,NYAMIRA,272,NORTH MUGIRANGO,1359,BOKEIRA,030,MATONGO PRI. SCH,046272135903002,MATONGO PRI. SCH
046,NYAMIRA,272,NORTH MUGIRANGO,1359,BOKEIRA,030,MATONGO PRI. SCH,046272135903003,MATONGO PRI. SCH
046,NYAMIRA,272,NORTH MUGIRANGO,1359,BOKEIRA,031,SAKWA PRI. SCH,046272135903101,SAKWA PRI. SCH
046,NYAMIRA,272,NORTH MUGIRANGO,1359,BOKEIRA,031,SAKWA PRI. SCH,046272135903102,SAKWA PRI. SCH
046,NYAMIRA,272,NORTH MUGIRANGO,1359,BOKEIRA,032,ORWAKI PRI. SCH,046272135903201,ORWAKI PRI. SCH
046,NYAMIRA,272,NORTH MUGIRANGO,1359,BOKEIRA,032,ORWAKI PRI. SCH,046272135903202,ORWAKI PRI. SCH
046,NYAMIRA,272,NORTH MUGIRANGO,1359,BOKEIRA,033,NYAMONGE PRI. SCH,046272135903301,NYAMONGE PRI. SCH
046,NYAMIRA,272,NORTH MUGIRANGO,1359,BOKEIRA,033,NYAMONGE PRI. SCH,046272135903302,NYAMONGE PRI. SCH
046,NYAMIRA,272,NORTH MUGIRANGO,1359,BOKEIRA,034,GESURA PRI. SCH,046272135903401,GESURA PRI. SCH
046,NYAMIRA,272,NORTH MUGIRANGO,1359,BOKEIRA,034,GESURA PRI. SCH,046272135903402,GESURA PRI. SCH
046,NYAMIRA,272,NORTH MUGIRANGO,1359,BOKEIRA,035,OMOBIRO PRI. SCH,046272135903501,OMOBIRO PRI. SCH
046,NYAMIRA,272,NORTH MUGIRANGO,1359,BOKEIRA,036,KIOMANGA PRI. SCH,046272135903601,KIOMANGA PRI. SCH
046,NYAMIRA,272,NORTH MUGIRANGO,1359,BOKEIRA,037,GEKONGE PRI. SCH.,046272135903701,GEKONGE PRI. SCH.
046,NYAMIRA,272,NORTH MUGIRANGO,1359,BOKEIRA,037,GEKONGE PRI. SCH.,046272135903702,GEKONGE PRI. SCH.
046,NYAMIRA,272,NORTH MUGIRANGO,1359,BOKEIRA,038,GIOSOYA PRI. SCH.,046272135903801,GIOSOYA PRI. SCH.
046,NYAMIRA,272,NORTH MUGIRANGO,1359,BOKEIRA,039,NYAOBE PRI. SCH,046272135903901,NYAOBE PRI. SCH
046,NYAMIRA,272,NORTH MUGIRANGO,1359,BOKEIRA,039,NYAOBE PRI. SCH,046272135903902,NYAOBE PRI. SCH
046,NYAMIRA,272,NORTH MUGIRANGO,1359,BOKEIRA,040,NYABIONE PRI. SCH.,046272135904001,NYABIONE PRI. SCH.
046,NYAMIRA,272,NORTH MUGIRANGO,1359,BOKEIRA,040,NYABIONE PRI. SCH.,046272135904002,NYABIONE PRI. SCH.
046,NYAMIRA,272,NORTH MUGIRANGO,1359,BOKEIRA,041,EGETONTO PRI. SCH,046272135904101,EGETONTO PRI. SCH
046,NYAMIRA,272,NORTH MUGIRANGO,1359,BOKEIRA,041,EGETONTO PRI. SCH,046272135904102,EGETONTO PRI. SCH
046,NYAMIRA,272,NORTH MUGIRANGO,1359,BOKEIRA,042,KIABORA PRI. SCH,046272135904201,KIABORA PRI. SCH
046,NYAMIRA,272,NORTH MUGIRANGO,1359,BOKEIRA,043,NYAMUSI PRI. SCH,046272135904301,NYAMUSI PRI. SCH
046,NYAMIRA,272,NORTH MUGIRANGO,1359,BOKEIRA,044,RIOMOORIA PRI. SCH,046272135904401,RIOMOORIA PRI. SCH
046,NYAMIRA,272,NORTH MUGIRANGO,1359,BOKEIRA,044,RIOMOORIA PRI. SCH,046272135904402,RIOMOORIA PRI. SCH
046,NYAMIRA,272,NORTH MUGIRANGO,1359,BOKEIRA,076,ONGERA DEB PRIMARY SCHOOL,046272135907601,ONGERA DEB PRIMARY SCHOOL
046,NYAMIRA,272,NORTH MUGIRANGO,1359,BOKEIRA,077,ENGOTO PRIMARY SCHOOL,046272135907701,ENGOTO PRIMARY SCHOOL
046,NYAMIRA,272,NORTH MUGIRANGO,1360,MAGWAGWA,045,ESANIGE PRI. SCH.,046272136004501,ESANIGE PRI. SCH.
046,NYAMIRA,272,NORTH MUGIRANGO,1360,MAGWAGWA,045,ESANIGE PRI. SCH.,046272136004502,ESANIGE PRI. SCH.
046,NYAMIRA,272,NORTH MUGIRANGO,1360,MAGWAGWA,045,ESANIGE PRI. SCH.,046272136004503,ESANIGE PRI. SCH.
046,NYAMIRA,272,NORTH MUGIRANGO,1360,MAGWAGWA,046,GITWEBE PRI. SCH,046272136004601,GITWEBE PRI. SCH
046,NYAMIRA,272,NORTH MUGIRANGO,1360,MAGWAGWA,046,GITWEBE PRI. SCH,046272136004602,GITWEBE PRI. SCH
046,NYAMIRA,272,NORTH MUGIRANGO,1360,MAGWAGWA,047,NYAKENYOMISIA PRI. SCH,046272136004701,NYAKENYOMISIA PRI. SCH
046,NYAMIRA,272,NORTH MUGIRANGO,1360,MAGWAGWA,047,NYAKENYOMISIA PRI. SCH,046272136004702,NYAKENYOMISIA PRI. SCH
046,NYAMIRA,272,NORTH MUGIRANGO,1360,MAGWAGWA,048,MISAMBI PRI. SCH,046272136004801,MISAMBI PRI. SCH
046,NYAMIRA,272,NORTH MUGIRANGO,1360,MAGWAGWA,048,MISAMBI PRI. SCH,046272136004802,MISAMBI PRI. SCH
046,NYAMIRA,272,NORTH MUGIRANGO,1360,MAGWAGWA,049,MOGONGO PRI. SCH.,046272136004901,MOGONGO PRI. SCH.
046,NYAMIRA,272,NORTH MUGIRANGO,1360,MAGWAGWA,049,MOGONGO PRI. SCH.,046272136004902,MOGONGO PRI. SCH.
046,NYAMIRA,272,NORTH MUGIRANGO,1360,MAGWAGWA,050,GETARE PRI. SCH,046272136005001,GETARE PRI. SCH
046,NYAMIRA,272,NORTH MUGIRANGO,1360,MAGWAGWA,050,GETARE PRI. SCH,046272136005002,GETARE PRI. SCH
046,NYAMIRA,272,NORTH MUGIRANGO,1360,MAGWAGWA,051,ESAMBA PAG PRI. SCH,046272136005101,ESAMBA PAG PRI. SCH
046,NYAMIRA,272,NORTH MUGIRANGO,1360,MAGWAGWA,051,ESAMBA PAG PRI. SCH,046272136005102,ESAMBA PAG PRI. SCH
046,NYAMIRA,272,NORTH MUGIRANGO,1360,MAGWAGWA,052,RIOMEGO PAG PRI. SCH,046272136005201,RIOMEGO PAG PRI. SCH
046,NYAMIRA,272,NORTH MUGIRANGO,1360,MAGWAGWA,053,RIANYAMAGE PRI. SCH,046272136005301,RIANYAMAGE PRI. SCH
046,NYAMIRA,272,NORTH MUGIRANGO,1360,MAGWAGWA,053,RIANYAMAGE PRI. SCH,046272136005302,RIANYAMAGE PRI. SCH
046,NYAMIRA,272,NORTH MUGIRANGO,1360,MAGWAGWA,054,GETURI PRI. SCH,046272136005401,GETURI PRI. SCH
046,NYAMIRA,272,NORTH MUGIRANGO,1360,MAGWAGWA,055,NYAMATUTA PRI. SCH,046272136005501,NYAMATUTA PRI. SCH
046,NYAMIRA,272,NORTH MUGIRANGO,1360,MAGWAGWA,055,NYAMATUTA PRI. SCH,046272136005502,NYAMATUTA PRI. SCH
046,NYAMIRA,272,NORTH MUGIRANGO,1360,MAGWAGWA,056,NYABWORORO PRI. SCH,046272136005601,NYABWORORO PRI. SCH
046,NYAMIRA,272,NORTH MUGIRANGO,1360,MAGWAGWA,057,KENYERERE PRI. SCH,046272136005701,KENYERERE PRI. SCH
046,NYAMIRA,272,NORTH MUGIRANGO,1360,MAGWAGWA,057,KENYERERE PRI. SCH,046272136005702,KENYERERE PRI. SCH
046,NYAMIRA,272,NORTH MUGIRANGO,1360,MAGWAGWA,058,MESOBWA PRI. SCH,046272136005801,MESOBWA PRI. SCH
046,NYAMIRA,272,NORTH MUGIRANGO,1360,MAGWAGWA,058,MESOBWA PRI. SCH,046272136005802,MESOBWA PRI. SCH
046,NYAMIRA,272,NORTH MUGIRANGO,1360,MAGWAGWA,078,MAGWAGWA DEB PRIMARY SCHOOL,046272136007801,MAGWAGWA DEB PRIMARY SCHOOL
046,NYAMIRA,272,NORTH MUGIRANGO,1360,MAGWAGWA,079,MOREMBE PRIMARY SCHOOL,046272136007901,MOREMBE PRIMARY SCHOOL
046,NYAMIRA,272,NORTH MUGIRANGO,1361,EKERENYO,059,NYAMOTARO PRI. SCH,046272136105901,NYAMOTARO PRI. SCH
046,NYAMIRA,272,NORTH MUGIRANGO,1361,EKERENYO,060,MAAGONGA PRI. SCH,046272136106001,MAAGONGA PRI. SCH
046,NYAMIRA,272,NORTH MUGIRANGO,1361,EKERENYO,060,MAAGONGA PRI. SCH,046272136106002,MAAGONGA PRI. SCH
046,NYAMIRA,272,NORTH MUGIRANGO,1361,EKERENYO,061,OMORARE PRI. SCH,046272136106101,OMORARE PRI. SCH
046,NYAMIRA,272,NORTH MUGIRANGO,1361,EKERENYO,062,EKERENYO EDN CENTRE,046272136106201,EKERENYO EDN CENTRE
046,NYAMIRA,272,NORTH MUGIRANGO,1361,EKERENYO,062,EKERENYO EDN CENTRE,046272136106202,EKERENYO EDN CENTRE
046,NYAMIRA,272,NORTH MUGIRANGO,1361,EKERENYO,062,EKERENYO EDN CENTRE,046272136106203,EKERENYO EDN CENTRE
046,NYAMIRA,272,NORTH MUGIRANGO,1361,EKERENYO,063,KIAMOGAKE PRI. SCH,046272136106301,KIAMOGAKE PRI. SCH
046,NYAMIRA,272,NORTH MUGIRANGO,1361,EKERENYO,064,KEA DEB PRI. SCH,046272136106401,KEA DEB PRI. SCH
046,NYAMIRA,272,NORTH MUGIRANGO,1361,EKERENYO,064,KEA DEB PRI. SCH,046272136106402,KEA DEB PRI. SCH
046,NYAMIRA,272,NORTH MUGIRANGO,1361,EKERENYO,065,MWANCHA PRI. SCH,046272136106501,MWANCHA PRI. SCH
046,NYAMIRA,272,NORTH MUGIRANGO,1361,EKERENYO,065,MWANCHA PRI. SCH,046272136106502,MWANCHA PRI. SCH
046,NYAMIRA,272,NORTH MUGIRANGO,1361,EKERENYO,066,GEKENDO DOK PRI. SCH,046272136106601,GEKENDO DOK PRI. SCH
046,NYAMIRA,272,NORTH MUGIRANGO,1361,EKERENYO,066,GEKENDO DOK PRI. SCH,046272136106602,GEKENDO DOK PRI. SCH
046,NYAMIRA,272,NORTH MUGIRANGO,1361,EKERENYO,066,GEKENDO DOK PRI. SCH,046272136106603,GEKENDO DOK PRI. SCH
046,NYAMIRA,272,NORTH MUGIRANGO,1361,EKERENYO,067,KENGUSO PRI. SCH,046272136106701,KENGUSO PRI. SCH
046,NYAMIRA,272,NORTH MUGIRANGO,1361,EKERENYO,068,NYAIRANG'A PRI. SC,046272136106801,NYAIRANG'A PRI. SC
046,NYAMIRA,272,NORTH MUGIRANGO,1361,EKERENYO,068,NYAIRANG'A PRI. SC,046272136106802,NYAIRANG'A PRI. SC
046,NYAMIRA,272,NORTH MUGIRANGO,1361,EKERENYO,069,KIEMUMA PRI. SCH,046272136106901,KIEMUMA PRI. SCH
046,NYAMIRA,272,NORTH MUGIRANGO,1361,EKERENYO,069,KIEMUMA PRI. SCH,046272136106902,KIEMUMA PRI. SCH
046,NYAMIRA,272,NORTH MUGIRANGO,1361,EKERENYO,070,NYAMEKO PRI. SCH,046272136107001,NYAMEKO PRI. SCH
046,NYAMIRA,272,NORTH MUGIRANGO,1361,EKERENYO,071,GESWESWE PRI. SCH,046272136107101,GESWESWE PRI. SCH
046,NYAMIRA,272,NORTH MUGIRANGO,1361,EKERENYO,072,IKONGE PRI. SCH,046272136107201,IKONGE PRI. SCH
046,NYAMIRA,272,NORTH MUGIRANGO,1361,EKERENYO,072,IKONGE PRI. SCH,046272136107202,IKONGE PRI. SCH
046,NYAMIRA,272,NORTH MUGIRANGO,1361,EKERENYO,072,IKONGE PRI. SCH,046272136107203,IKONGE PRI. SCH
046,NYAMIRA,272,NORTH MUGIRANGO,1361,EKERENYO,072,IKONGE PRI. SCH,046272136107204,IKONGE PRI. SCH
046,NYAMIRA,272,NORTH MUGIRANGO,1361,EKERENYO,072,IKONGE PRI. SCH,046272136107205,IKONGE PRI. SCH
046,NYAMIRA,272,NORTH MUGIRANGO,1361,EKERENYO,072,IKONGE PRI. SCH,046272136107206,IKONGE PRI. SCH
046,NYAMIRA,272,NORTH MUGIRANGO,1361,EKERENYO,073,CHISAARIA DEB PRI. SCH.,046272136107301,CHISAARIA DEB PRI. SCH.
046,NYAMIRA,273,BORABU,1362,MEKENENE,001,MWONGORI YOUTH POLYTECHNIC,046273136200101,MWONGORI YOUTH POLYTECHNIC
046,NYAMIRA,273,BORABU,1362,MEKENENE,001,MWONGORI YOUTH POLYTECHNIC,046273136200102,MWONGORI YOUTH POLYTECHNIC
046,NYAMIRA,273,BORABU,1362,MEKENENE,001,MWONGORI YOUTH POLYTECHNIC,046273136200103,MWONGORI YOUTH POLYTECHNIC
046,NYAMIRA,273,BORABU,1362,MEKENENE,001,MWONGORI YOUTH POLYTECHNIC,046273136200104,MWONGORI YOUTH POLYTECHNIC
046,NYAMIRA,273,BORABU,1362,MEKENENE,002,MWONGORI PRIMARY SCHOOL,046273136200201,MWONGORI PRIMARY SCHOOL
046,NYAMIRA,273,BORABU,1362,MEKENENE,002,MWONGORI PRIMARY SCHOOL,046273136200202,MWONGORI PRIMARY SCHOOL
046,NYAMIRA,273,BORABU,1362,MEKENENE,003,NYAGACHO PRIMARY SCHOOL,046273136200301,NYAGACHO PRIMARY SCHOOL
046,NYAMIRA,273,BORABU,1362,MEKENENE,003,NYAGACHO PRIMARY SCHOOL,046273136200302,NYAGACHO PRIMARY SCHOOL
046,NYAMIRA,273,BORABU,1362,MEKENENE,004,MOGUSII PRIMARY SCHOOL,046273136200401,MOGUSII PRIMARY SCHOOL
046,NYAMIRA,273,BORABU,1362,MEKENENE,004,MOGUSII PRIMARY SCHOOL,046273136200402,MOGUSII PRIMARY SCHOOL
046,NYAMIRA,273,BORABU,1362,MEKENENE,005,NYARONGE PRIMARY SCHOOL,046273136200501,NYARONGE PRIMARY SCHOOL
046,NYAMIRA,273,BORABU,1362,MEKENENE,006,MEKENENE PRIMARY SCHOOL,046273136200601,MEKENENE PRIMARY SCHOOL
046,NYAMIRA,273,BORABU,1362,MEKENENE,007,NYANKONO PRIMARY SCHOOL,046273136200701,NYANKONO PRIMARY SCHOOL
046,NYAMIRA,273,BORABU,1362,MEKENENE,008,KERITO PRIMARY SCHOOL,046273136200801,KERITO PRIMARY SCHOOL
046,NYAMIRA,273,BORABU,1362,MEKENENE,009,KERUMBE TEA BUYING CENTRE,046273136200901,KERUMBE TEA BUYING CENTRE
046,NYAMIRA,273,BORABU,1362,MEKENENE,010,SOTIK HIGHLANDS PRIMARY SCHOOL,046273136201001,SOTIK HIGHLANDS PRIMARY SCHOOL
046,NYAMIRA,273,BORABU,1362,MEKENENE,011,KITARU D.O.K PRIMARY SCHOOL,046273136201101,KITARU D.O.K PRIMARY SCHOOL
046,NYAMIRA,273,BORABU,1362,MEKENENE,011,KITARU D.O.K PRIMARY SCHOOL,046273136201102,KITARU D.O.K PRIMARY SCHOOL
046,NYAMIRA,273,BORABU,1362,MEKENENE,012,KIPTENDEN PRIMARY SCHOOL,046273136201201,KIPTENDEN PRIMARY SCHOOL
046,NYAMIRA,273,BORABU,1362,MEKENENE,013,KIPKEBE PRIMARY SCHOOL,046273136201301,KIPKEBE PRIMARY SCHOOL
046,NYAMIRA,273,BORABU,1362,MEKENENE,013,KIPKEBE PRIMARY SCHOOL,046273136201302,KIPKEBE PRIMARY SCHOOL
046,NYAMIRA,273,BORABU,1362,MEKENENE,014,MAGURA D.E.B PRIMARY SCHOOL,046273136201401,MAGURA D.E.B PRIMARY SCHOOL
046,NYAMIRA,273,BORABU,1362,MEKENENE,066,NYANKONO TEA BUYING CENTRE,046273136206601,NYANKONO TEA BUYING CENTRE
046,NYAMIRA,273,BORABU,1362,MEKENENE,067,RIABARUOTI MARKET,046273136206701,RIABARUOTI MARKET
046,NYAMIRA,273,BORABU,1363,KIABONYORU,015,NYANGOGE PRIMARY SCHOOL,046273136301501,NYANGOGE PRIMARY SCHOOL
046,NYAMIRA,273,BORABU,1363,KIABONYORU,015,NYANGOGE PRIMARY SCHOOL,046273136301502,NYANGOGE PRIMARY SCHOOL
046,NYAMIRA,273,BORABU,1363,KIABONYORU,015,NYANGOGE PRIMARY SCHOOL,046273136301503,NYANGOGE PRIMARY SCHOOL
046,NYAMIRA,273,BORABU,1363,KIABONYORU,016,IBARA PRIMARY SCHOOL,046273136301601,IBARA PRIMARY SCHOOL
046,NYAMIRA,273,BORABU,1363,KIABONYORU,016,IBARA PRIMARY SCHOOL,046273136301602,IBARA PRIMARY SCHOOL
046,NYAMIRA,273,BORABU,1363,KIABONYORU,016,IBARA PRIMARY SCHOOL,046273136301603,IBARA PRIMARY SCHOOL
046,NYAMIRA,273,BORABU,1363,KIABONYORU,017,NYARAMBA PRIMARY SCHOOL,046273136301701,NYARAMBA PRIMARY SCHOOL
046,NYAMIRA,273,BORABU,1363,KIABONYORU,017,NYARAMBA PRIMARY SCHOOL,046273136301702,NYARAMBA PRIMARY SCHOOL
046,NYAMIRA,273,BORABU,1363,KIABONYORU,017,NYARAMBA PRIMARY SCHOOL,046273136301703,NYARAMBA PRIMARY SCHOOL
046,NYAMIRA,273,BORABU,1363,KIABONYORU,017,NYARAMBA PRIMARY SCHOOL,046273136301704,NYARAMBA PRIMARY SCHOOL
046,NYAMIRA,273,BORABU,1363,KIABONYORU,018,CHINCHE PRIMARY SCHOOL,046273136301801,CHINCHE PRIMARY SCHOOL
046,NYAMIRA,273,BORABU,1363,KIABONYORU,018,CHINCHE PRIMARY SCHOOL,046273136301802,CHINCHE PRIMARY SCHOOL
046,NYAMIRA,273,BORABU,1363,KIABONYORU,019,BIEGO PRIMARY SCHOOL,046273136301901,BIEGO PRIMARY SCHOOL
046,NYAMIRA,273,BORABU,1363,KIABONYORU,019,BIEGO PRIMARY SCHOOL,046273136301902,BIEGO PRIMARY SCHOOL
046,NYAMIRA,273,BORABU,1363,KIABONYORU,020,ENDIBA D.E.B PRIMARY SCHOOL,046273136302001,ENDIBA D.E.B PRIMARY SCHOOL
046,NYAMIRA,273,BORABU,1363,KIABONYORU,020,ENDIBA D.E.B PRIMARY SCHOOL,046273136302002,ENDIBA D.E.B PRIMARY SCHOOL
046,NYAMIRA,273,BORABU,1363,KIABONYORU,021,KEREMA PRIMARY SCHOOL,046273136302101,KEREMA PRIMARY SCHOOL
046,NYAMIRA,273,BORABU,1363,KIABONYORU,021,KEREMA PRIMARY SCHOOL,046273136302102,KEREMA PRIMARY SCHOOL
046,NYAMIRA,273,BORABU,1363,KIABONYORU,022,NYAMIRANGA PRIMARY SCHOOL,046273136302201,NYAMIRANGA PRIMARY SCHOOL
046,NYAMIRA,273,BORABU,1363,KIABONYORU,022,NYAMIRANGA PRIMARY SCHOOL,046273136302202,NYAMIRANGA PRIMARY SCHOOL
046,NYAMIRA,273,BORABU,1363,KIABONYORU,023,MOKOMONI TEA BUYING CENTRE,046273136302301,MOKOMONI TEA BUYING CENTRE
046,NYAMIRA,273,BORABU,1363,KIABONYORU,023,MOKOMONI TEA BUYING CENTRE,046273136302302,MOKOMONI TEA BUYING CENTRE
046,NYAMIRA,273,BORABU,1363,KIABONYORU,023,MOKOMONI TEA BUYING CENTRE,046273136302303,MOKOMONI TEA BUYING CENTRE
046,NYAMIRA,273,BORABU,1363,KIABONYORU,023,MOKOMONI TEA BUYING CENTRE,046273136302304,MOKOMONI TEA BUYING CENTRE
046,NYAMIRA,273,BORABU,1363,KIABONYORU,025,OMONONO PRIMARY SCHOOL,046273136302501,OMONONO PRIMARY SCHOOL
046,NYAMIRA,273,BORABU,1363,KIABONYORU,025,OMONONO PRIMARY SCHOOL,046273136302502,OMONONO PRIMARY SCHOOL
046,NYAMIRA,273,BORABU,1363,KIABONYORU,026,NYANKONGO PRIMARY SCHOOL,046273136302601,NYANKONGO PRIMARY SCHOOL
046,NYAMIRA,273,BORABU,1363,KIABONYORU,026,NYANKONGO PRIMARY SCHOOL,046273136302602,NYANKONGO PRIMARY SCHOOL
046,NYAMIRA,273,BORABU,1363,KIABONYORU,026,NYANKONGO PRIMARY SCHOOL,046273136302603,NYANKONGO PRIMARY SCHOOL
046,NYAMIRA,273,BORABU,1363,KIABONYORU,027,NYABIKOMU PRIMARY SCHOOL,046273136302701,NYABIKOMU PRIMARY SCHOOL
046,NYAMIRA,273,BORABU,1363,KIABONYORU,027,NYABIKOMU PRIMARY SCHOOL,046273136302702,NYABIKOMU PRIMARY SCHOOL
046,NYAMIRA,273,BORABU,1363,KIABONYORU,028,AMAKURA D.E.B PRIMARY SCHOOL,046273136302801,AMAKURA D.E.B PRIMARY SCHOOL
046,NYAMIRA,273,BORABU,1363,KIABONYORU,028,AMAKURA D.E.B PRIMARY SCHOOL,046273136302802,AMAKURA D.E.B PRIMARY SCHOOL
046,NYAMIRA,273,BORABU,1363,KIABONYORU,029,RIANYAKANGI D.E.B. PRIMARY SCHOOL,046273136302901,RIANYAKANGI D.E.B. PRIMARY SCHOOL
046,NYAMIRA,273,BORABU,1363,KIABONYORU,030,EGENTUBI PRIMARY SCHOOL,046273136303001,EGENTUBI PRIMARY SCHOOL
046,NYAMIRA,273,BORABU,1363,KIABONYORU,031,MOKOMONI D.O.K PRIMARY SCHOOL,046273136303101,MOKOMONI D.O.K PRIMARY SCHOOL
046,NYAMIRA,273,BORABU,1363,KIABONYORU,065,KIABONYORU PRIMARY SCHOOL,046273136306501,KIABONYORU PRIMARY SCHOOL
046,NYAMIRA,273,BORABU,1363,KIABONYORU,065,KIABONYORU PRIMARY SCHOOL,046273136306502,KIABONYORU PRIMARY SCHOOL
046,NYAMIRA,273,BORABU,1363,KIABONYORU,068,NYANCHOKA TEA BUYING CENTRE,046273136306801,NYANCHOKA TEA BUYING CENTRE
046,NYAMIRA,273,BORABU,1363,KIABONYORU,069,NYAGEITA PRIMARY SCHOOL,046273136306901,NYAGEITA PRIMARY SCHOOL
046,NYAMIRA,273,BORABU,1363,KIABONYORU,070,NYAGWARE PRIMARY SCHOOL,046273136307001,NYAGWARE PRIMARY SCHOOL
046,NYAMIRA,273,BORABU,1364,NYANSIONGO,032,MENYENYA PRIMARY SCHOOL,046273136403201,MENYENYA PRIMARY SCHOOL
046,NYAMIRA,273,BORABU,1364,NYANSIONGO,032,MENYENYA PRIMARY SCHOOL,046273136403202,MENYENYA PRIMARY SCHOOL
046,NYAMIRA,273,BORABU,1364,NYANSIONGO,032,MENYENYA PRIMARY SCHOOL,046273136403203,MENYENYA PRIMARY SCHOOL
046,NYAMIRA,273,BORABU,1364,NYANSIONGO,032,MENYENYA PRIMARY SCHOOL,046273136403204,MENYENYA PRIMARY SCHOOL
046,NYAMIRA,273,BORABU,1364,NYANSIONGO,032,MENYENYA PRIMARY SCHOOL,046273136403205,MENYENYA PRIMARY SCHOOL
046,NYAMIRA,273,BORABU,1364,NYANSIONGO,033,TINDERET PRIMARY SCHOOL,046273136403301,TINDERET PRIMARY SCHOOL
046,NYAMIRA,273,BORABU,1364,NYANSIONGO,033,TINDERET PRIMARY SCHOOL,046273136403302,TINDERET PRIMARY SCHOOL
046,NYAMIRA,273,BORABU,1364,NYANSIONGO,033,TINDERET PRIMARY SCHOOL,046273136403303,TINDERET PRIMARY SCHOOL
046,NYAMIRA,273,BORABU,1364,NYANSIONGO,034,NYANSIONGO D.O.K PRIMARY SCHOOL,046273136403401,NYANSIONGO D.O.K PRIMARY SCHOOL
046,NYAMIRA,273,BORABU,1364,NYANSIONGO,034,NYANSIONGO D.O.K PRIMARY SCHOOL,046273136403402,NYANSIONGO D.O.K PRIMARY SCHOOL
046,NYAMIRA,273,BORABU,1364,NYANSIONGO,035,KEGINGA PRIMARY SCHOOL,046273136403501,KEGINGA PRIMARY SCHOOL
046,NYAMIRA,273,BORABU,1364,NYANSIONGO,035,KEGINGA PRIMARY SCHOOL,046273136403502,KEGINGA PRIMARY SCHOOL
046,NYAMIRA,273,BORABU,1364,NYANSIONGO,036,RIENSUNE PRIMARY SCHOOL,046273136403601,RIENSUNE PRIMARY SCHOOL
046,NYAMIRA,273,BORABU,1364,NYANSIONGO,036,RIENSUNE PRIMARY SCHOOL,046273136403602,RIENSUNE PRIMARY SCHOOL
046,NYAMIRA,273,BORABU,1364,NYANSIONGO,036,RIENSUNE PRIMARY SCHOOL,046273136403603,RIENSUNE PRIMARY SCHOOL
046,NYAMIRA,273,BORABU,1364,NYANSIONGO,037,GESEBEI PRIMARY SCHOOL,046273136403701,GESEBEI PRIMARY SCHOOL
046,NYAMIRA,273,BORABU,1364,NYANSIONGO,037,GESEBEI PRIMARY SCHOOL,046273136403702,GESEBEI PRIMARY SCHOOL
046,NYAMIRA,273,BORABU,1364,NYANSIONGO,037,GESEBEI PRIMARY SCHOOL,046273136403703,GESEBEI PRIMARY SCHOOL
046,NYAMIRA,273,BORABU,1364,NYANSIONGO,038,NYANSIONGO D.E.B PRIMARY SCHOOL,046273136403801,NYANSIONGO D.E.B PRIMARY SCHOOL
046,NYAMIRA,273,BORABU,1364,NYANSIONGO,039,RIGENA PRIMARY SCHOOL,046273136403901,RIGENA PRIMARY SCHOOL
046,NYAMIRA,273,BORABU,1364,NYANSIONGO,040,NYANDOCHE IBERE PRI. SCH.,046273136404001,NYANDOCHE IBERE PRI. SCH.
046,NYAMIRA,273,BORABU,1364,NYANSIONGO,040,NYANDOCHE IBERE PRI. SCH.,046273136404002,NYANDOCHE IBERE PRI. SCH.
046,NYAMIRA,273,BORABU,1364,NYANSIONGO,041,RIAMANOTI PRIMARY SCHOOL,046273136404101,RIAMANOTI PRIMARY SCHOOL
046,NYAMIRA,273,BORABU,1364,NYANSIONGO,042,NYARONDE D.O.K PRIMARY SCHOOL,046273136404201,NYARONDE D.O.K PRIMARY SCHOOL
046,NYAMIRA,273,BORABU,1364,NYANSIONGO,042,NYARONDE D.O.K PRIMARY SCHOOL,046273136404202,NYARONDE D.O.K PRIMARY SCHOOL
046,NYAMIRA,273,BORABU,1364,NYANSIONGO,042,NYARONDE D.O.K PRIMARY SCHOOL,046273136404203,NYARONDE D.O.K PRIMARY SCHOOL
046,NYAMIRA,273,BORABU,1364,NYANSIONGO,043,RIBAITA PRIMARY SCHOOL,046273136404301,RIBAITA PRIMARY SCHOOL
046,NYAMIRA,273,BORABU,1364,NYANSIONGO,071,KENYERERE TEA BUYING CENTRE,046273136407101,KENYERERE TEA BUYING CENTRE
046,NYAMIRA,273,BORABU,1364,NYANSIONGO,072,MASIGE DEB PRIMARY SCHOOL,046273136407201,MASIGE DEB PRIMARY SCHOOL
046,NYAMIRA,273,BORABU,1365,ESISE,044,LIETIGO PRIMARY SCHOOL,046273136504401,LIETIGO PRIMARY SCHOOL
046,NYAMIRA,273,BORABU,1365,ESISE,044,LIETIGO PRIMARY SCHOOL,046273136504402,LIETIGO PRIMARY SCHOOL
046,NYAMIRA,273,BORABU,1365,ESISE,045,MAGOMBO PRIMARY SCHOOL,046273136504501,MAGOMBO PRIMARY SCHOOL
046,NYAMIRA,273,BORABU,1365,ESISE,046,MEMISI DEB PRIMARY SCHOOL,046273136504601,MEMISI DEB PRIMARY SCHOOL
046,NYAMIRA,273,BORABU,1365,ESISE,046,MEMISI DEB PRIMARY SCHOOL,046273136504602,MEMISI DEB PRIMARY SCHOOL
046,NYAMIRA,273,BORABU,1365,ESISE,047,KEBUSE PRIMARY SCHOOL,046273136504701,KEBUSE PRIMARY SCHOOL
046,NYAMIRA,273,BORABU,1365,ESISE,048,SAIGA NGIYA D.E.B.PRIMARY SCHOOL,046273136504801,SAIGA NGIYA D.E.B.PRIMARY SCHOOL
046,NYAMIRA,273,BORABU,1365,ESISE,049,NDEREMA DEB PRIMARY SCHOOL,046273136504901,NDEREMA DEB PRIMARY SCHOOL
046,NYAMIRA,273,BORABU,1365,ESISE,050,ESISE PRIMARY SCHOOL,046273136505001,ESISE PRIMARY SCHOOL
046,NYAMIRA,273,BORABU,1365,ESISE,051,KINENI LCK PRIMARY SCHOOL,046273136505101,KINENI LCK PRIMARY SCHOOL
046,NYAMIRA,273,BORABU,1365,ESISE,051,KINENI LCK PRIMARY SCHOOL,046273136505102,KINENI LCK PRIMARY SCHOOL
046,NYAMIRA,273,BORABU,1365,ESISE,052,KAHAWA PRIMARY SCHOOL,046273136505201,KAHAWA PRIMARY SCHOOL
046,NYAMIRA,273,BORABU,1365,ESISE,053,RIANGOMBE PRIMARY SCHOOL,046273136505301,RIANGOMBE PRIMARY SCHOOL
046,NYAMIRA,273,BORABU,1365,ESISE,053,RIANGOMBE PRIMARY SCHOOL,046273136505302,RIANGOMBE PRIMARY SCHOOL
046,NYAMIRA,273,BORABU,1365,ESISE,054,ENSOKO PRIMARY SCHOOL,046273136505401,ENSOKO PRIMARY SCHOOL
046,NYAMIRA,273,BORABU,1365,ESISE,054,ENSOKO PRIMARY SCHOOL,046273136505402,ENSOKO PRIMARY SCHOOL
046,NYAMIRA,273,BORABU,1365,ESISE,055,MANGA GIRLSPRIMARY SCHOOL,046273136505501,MANGA GIRLSPRIMARY SCHOOL
046,NYAMIRA,273,BORABU,1365,ESISE,055,MANGA GIRLSPRIMARY SCHOOL,046273136505502,MANGA GIRLSPRIMARY SCHOOL
046,NYAMIRA,273,BORABU,1365,ESISE,055,MANGA GIRLSPRIMARY SCHOOL,046273136505503,MANGA GIRLSPRIMARY SCHOOL
046,NYAMIRA,273,BORABU,1365,ESISE,056,MECHEO PRIMARY SCHOOL,046273136505601,MECHEO PRIMARY SCHOOL
046,NYAMIRA,273,BORABU,1365,ESISE,056,MECHEO PRIMARY SCHOOL,046273136505602,MECHEO PRIMARY SCHOOL
046,NYAMIRA,273,BORABU,1365,ESISE,057,ENDEMU D.E.B. PRIMARY SCHOOL,046273136505701,ENDEMU D.E.B. PRIMARY SCHOOL
046,NYAMIRA,273,BORABU,1365,ESISE,058,NYANSAKIA PRIMARY SCHOOL,046273136505801,NYANSAKIA PRIMARY SCHOOL
046,NYAMIRA,273,BORABU,1365,ESISE,059,MATUNWA PRIMARY SCHOOL,046273136505901,MATUNWA PRIMARY SCHOOL
046,NYAMIRA,273,BORABU,1365,ESISE,060,GESABAKWA TEA BUYING CENTRE,046273136506001,GESABAKWA TEA BUYING CENTRE
046,NYAMIRA,273,BORABU,1365,ESISE,061,ENSAKIA PRIMARY SCHOOL,046273136506101,ENSAKIA PRIMARY SCHOOL
046,NYAMIRA,273,BORABU,1365,ESISE,061,ENSAKIA PRIMARY SCHOOL,046273136506102,ENSAKIA PRIMARY SCHOOL
046,NYAMIRA,273,BORABU,1365,ESISE,062,ITUMBE SDA PRIMARY SCHOOL,046273136506201,ITUMBE SDA PRIMARY SCHOOL
046,NYAMIRA,273,BORABU,1365,ESISE,063,ISOGE PRIMARY SCHOOL,046273136506301,ISOGE PRIMARY SCHOOL
046,NYAMIRA,273,BORABU,1365,ESISE,063,ISOGE PRIMARY SCHOOL,046273136506302,ISOGE PRIMARY SCHOOL
046,NYAMIRA,273,BORABU,1365,ESISE,064,RIANYAEMO D.E.B. PRIMARY SCHOOL,046273136506401,RIANYAEMO D.E.B. PRIMARY SCHOOL
046,NYAMIRA,273,BORABU,1365,ESISE,064,RIANYAEMO D.E.B. PRIMARY SCHOOL,046273136506402,RIANYAEMO D.E.B. PRIMARY SCHOOL
046,NYAMIRA,273,BORABU,1365,ESISE,073,ENSINYO PRIMARY SCHOOL,046273136507301,ENSINYO PRIMARY SCHOOL
046,NYAMIRA,273,BORABU,1365,ESISE,074,ISEKERARIO MOIGE TEA BUYING CENTRE,046273136507401,ISEKERARIO MOIGE TEA BUYING CENTR
